produto,cor,id_campanha,motivo
367234,07742,99,ERRO_INTEGRACAO
367234,07748,99,ERRO_INTEGRACAO
367846,07448,99,ERRO_INTEGRACAO
367847,07448,99,ERRO_INTEGRACAO
368530,10066,99,ERRO_INTEGRACAO
368531,10066,99,ERRO_INTEGRACAO
368537,58302,99,ERRO_INTEGRACAO
371830,07742,99,ERRO_INTEGRACAO
371830,09269,99,ERRO_INTEGRACAO
371832,07448,99,ERRO_INTEGRACAO
371833,0013,99,ERRO_INTEGRACAO
371833,05052,99,ERRO_INTEGRACAO
371834,04097,99,ERRO_INTEGRACAO
371834,07448,99,ERRO_INTEGRACAO
371846,07448,99,ERRO_INTEGRACAO
371848,07448,99,ERRO_INTEGRACAO
371848,07742,99,ERRO_INTEGRACAO
371850,7122,99,ERRO_INTEGRACAO
371860,0013,99,ERRO_INTEGRACAO
371863,05024,99,ERRO_INTEGRACAO
371863,07742,99,ERRO_INTEGRACAO
371868,0013,99,ERRO_INTEGRACAO
371868,05024,99,ERRO_INTEGRACAO
371868,07836,99,ERRO_INTEGRACAO
371880,0013,99,ERRO_INTEGRACAO
371880,05024,99,ERRO_INTEGRACAO
371880,07836,99,ERRO_INTEGRACAO
372004,59467,99,ERRO_INTEGRACAO
372005,59467,99,ERRO_INTEGRACAO
372006,59467,99,ERRO_INTEGRACAO
372014,61665,99,ERRO_INTEGRACAO
372015,61665,99,ERRO_INTEGRACAO
372017,59547,99,ERRO_INTEGRACAO
372018,59547,99,ERRO_INTEGRACAO
372032,59602,99,ERRO_INTEGRACAO
372033,59602,99,ERRO_INTEGRACAO
372042,59614,99,ERRO_INTEGRACAO
372046,59554,99,ERRO_INTEGRACAO
372073,59557,99,ERRO_INTEGRACAO
372087,59557,99,ERRO_INTEGRACAO
372093,59481,99,ERRO_INTEGRACAO
372094,59481,99,ERRO_INTEGRACAO
372096,59593,99,ERRO_INTEGRACAO
372097,59591,99,ERRO_INTEGRACAO
372098,59593,99,ERRO_INTEGRACAO
372099,59593,99,ERRO_INTEGRACAO
372104,59548,99,ERRO_INTEGRACAO
372249,59474,99,ERRO_INTEGRACAO
372250,59481,99,ERRO_INTEGRACAO
372251,59481,99,ERRO_INTEGRACAO
372256,59670,99,ERRO_INTEGRACAO
372279,59473,99,ERRO_INTEGRACAO
372280,59476,99,ERRO_INTEGRACAO
372287,59498,99,ERRO_INTEGRACAO
372302,59709,99,ERRO_INTEGRACAO
372307,59498,99,ERRO_INTEGRACAO
372308,59721,99,ERRO_INTEGRACAO
372309,59721,99,ERRO_INTEGRACAO
372368,59548,99,ERRO_INTEGRACAO
372370,59547,99,ERRO_INTEGRACAO
372373,59498,99,ERRO_INTEGRACAO
372374,59576,99,ERRO_INTEGRACAO
372397,59574,99,ERRO_INTEGRACAO
372429,59591,99,ERRO_INTEGRACAO
372430,59537,99,ERRO_INTEGRACAO
372431,59548,99,ERRO_INTEGRACAO
372432,59548,99,ERRO_INTEGRACAO
372433,59547,99,ERRO_INTEGRACAO
372438,59516,99,ERRO_INTEGRACAO
372439,59498,99,ERRO_INTEGRACAO
372440,59498,99,ERRO_INTEGRACAO
372441,59498,99,ERRO_INTEGRACAO
372442,59498,99,ERRO_INTEGRACAO
372446,59534,99,ERRO_INTEGRACAO
372447,59560,99,ERRO_INTEGRACAO
372451,59535,99,ERRO_INTEGRACAO
372471,59533,99,ERRO_INTEGRACAO
372472,59533,99,ERRO_INTEGRACAO
372474,59536,99,ERRO_INTEGRACAO
372475,59587,99,ERRO_INTEGRACAO
372476,59587,99,ERRO_INTEGRACAO
372477,59587,99,ERRO_INTEGRACAO
372478,59587,99,ERRO_INTEGRACAO
372479,59525,99,ERRO_INTEGRACAO
372480,59497,99,ERRO_INTEGRACAO
372481,59497,99,ERRO_INTEGRACAO
372526,59555,99,ERRO_INTEGRACAO
372527,59555,99,ERRO_INTEGRACAO
372536,59592,99,ERRO_INTEGRACAO
372537,59479,99,ERRO_INTEGRACAO
372539,59479,99,ERRO_INTEGRACAO
372540,59479,99,ERRO_INTEGRACAO
372541,59479,99,ERRO_INTEGRACAO
372557,59499,99,ERRO_INTEGRACAO
372558,59499,99,ERRO_INTEGRACAO
372666,59574,99,ERRO_INTEGRACAO
372669,59474,99,ERRO_INTEGRACAO
372697,59500,99,ERRO_INTEGRACAO
372698,59500,99,ERRO_INTEGRACAO
372699,59500,99,ERRO_INTEGRACAO
372704,59594,99,ERRO_INTEGRACAO
372706,59594,99,ERRO_INTEGRACAO
372707,59594,99,ERRO_INTEGRACAO
372714,59612,99,ERRO_INTEGRACAO
372715,59612,99,ERRO_INTEGRACAO
372716,59612,99,ERRO_INTEGRACAO
372717,59612,99,ERRO_INTEGRACAO
372718,59612,99,ERRO_INTEGRACAO
372719,59612,99,ERRO_INTEGRACAO
372752,55453,99,ERRO_INTEGRACAO
372754,55454,99,ERRO_INTEGRACAO
372755,55453,99,ERRO_INTEGRACAO
372756,55453,99,ERRO_INTEGRACAO
372831,59481,99,ERRO_INTEGRACAO
372920,07448,99,ERRO_INTEGRACAO
372922,07448,99,ERRO_INTEGRACAO
372923,07448,99,ERRO_INTEGRACAO
372927,07742,99,ERRO_INTEGRACAO
372928,07448,99,ERRO_INTEGRACAO
372931,07742,99,ERRO_INTEGRACAO
372932,05052,99,ERRO_INTEGRACAO
372936,07448,99,ERRO_INTEGRACAO
372938,07448,99,ERRO_INTEGRACAO
372981,59498,99,ERRO_INTEGRACAO
372988,59534,99,ERRO_INTEGRACAO
372989,59534,99,ERRO_INTEGRACAO
373022,59500,99,ERRO_INTEGRACAO
373028,59504,99,ERRO_INTEGRACAO
373053,59564,99,ERRO_INTEGRACAO
373054,60045,99,ERRO_INTEGRACAO
373056,59564,99,ERRO_INTEGRACAO
373078,59567,99,ERRO_INTEGRACAO
373079,59567,99,ERRO_INTEGRACAO
373080,59567,99,ERRO_INTEGRACAO
373081,59567,99,ERRO_INTEGRACAO
373084,59504,99,ERRO_INTEGRACAO
373085,59504,99,ERRO_INTEGRACAO
373086,59504,99,ERRO_INTEGRACAO
373087,59538,99,ERRO_INTEGRACAO
373088,59538,99,ERRO_INTEGRACAO
373090,59538,99,ERRO_INTEGRACAO
373091,59538,99,ERRO_INTEGRACAO
373092,59599,99,ERRO_INTEGRACAO
373093,59599,99,ERRO_INTEGRACAO
373094,59599,99,ERRO_INTEGRACAO
373096,59599,99,ERRO_INTEGRACAO
373098,59600,99,ERRO_INTEGRACAO
373099,59600,99,ERRO_INTEGRACAO
373108,59463,99,ERRO_INTEGRACAO
373109,59463,99,ERRO_INTEGRACAO
373110,59463,99,ERRO_INTEGRACAO
373111,59463,99,ERRO_INTEGRACAO
373113,59524,99,ERRO_INTEGRACAO
373114,59524,99,ERRO_INTEGRACAO
373116,59524,99,ERRO_INTEGRACAO
373117,59524,99,ERRO_INTEGRACAO
373142,59594,99,ERRO_INTEGRACAO
373170,59481,99,ERRO_INTEGRACAO
373184,05024,99,ERRO_INTEGRACAO
373184,07448,99,ERRO_INTEGRACAO
373199,07742,99,ERRO_INTEGRACAO
373202,05024,99,ERRO_INTEGRACAO
373203,2276,99,ERRO_INTEGRACAO
373206,0105,99,ERRO_INTEGRACAO
373207,0105,99,ERRO_INTEGRACAO
373218,2276,99,ERRO_INTEGRACAO
373236,2276,99,ERRO_INTEGRACAO
373279,02025,99,ERRO_INTEGRACAO
373279,07448,99,ERRO_INTEGRACAO
373281,05052,99,ERRO_INTEGRACAO
373281,07448,99,ERRO_INTEGRACAO
373285,59557,99,ERRO_INTEGRACAO
373286,07448,99,ERRO_INTEGRACAO
373288,07448,99,ERRO_INTEGRACAO
373291,07448,99,ERRO_INTEGRACAO
373311,07448,99,ERRO_INTEGRACAO
373311,11069,99,ERRO_INTEGRACAO
373312,07039,99,ERRO_INTEGRACAO
373312,07448,99,ERRO_INTEGRACAO
373312,07847,99,ERRO_INTEGRACAO
373314,07448,99,ERRO_INTEGRACAO
373315,04097,99,ERRO_INTEGRACAO
373404,0109,99,ERRO_INTEGRACAO
373406,0109,99,ERRO_INTEGRACAO
373407,0109,99,ERRO_INTEGRACAO
373408,0109,99,ERRO_INTEGRACAO
373409,0101,99,ERRO_INTEGRACAO
373410,0101,99,ERRO_INTEGRACAO
373420,0101,99,ERRO_INTEGRACAO
373421,0101,99,ERRO_INTEGRACAO
373423,0105,99,ERRO_INTEGRACAO
373443,0109,99,ERRO_INTEGRACAO
373445,0003,99,ERRO_INTEGRACAO
373449,0101,99,ERRO_INTEGRACAO
373450,0101,99,ERRO_INTEGRACAO
373451,0105,99,ERRO_INTEGRACAO
373839,59503,99,ERRO_INTEGRACAO
373840,59503,99,ERRO_INTEGRACAO
373841,59503,99,ERRO_INTEGRACAO
373852,05052,99,ERRO_INTEGRACAO
373857,0105,99,ERRO_INTEGRACAO
373942,0013,99,ERRO_INTEGRACAO
373943,07836,99,ERRO_INTEGRACAO
373943,11069,99,ERRO_INTEGRACAO
373943,5336,99,ERRO_INTEGRACAO
373944,2276,99,ERRO_INTEGRACAO
373968,0013,99,ERRO_INTEGRACAO
373973,0013,99,ERRO_INTEGRACAO
373982,59881,99,ERRO_INTEGRACAO
374039,07448,99,ERRO_INTEGRACAO
374064,59588,99,ERRO_INTEGRACAO
374065,59588,99,ERRO_INTEGRACAO
374066,59588,99,ERRO_INTEGRACAO
374088,07448,99,ERRO_INTEGRACAO
374090,2276,99,ERRO_INTEGRACAO
374093,0026,99,ERRO_INTEGRACAO
374096,0024,99,ERRO_INTEGRACAO
374105,0024,99,ERRO_INTEGRACAO
374157,07448,99,ERRO_INTEGRACAO
374159,07448,99,ERRO_INTEGRACAO
374191,59537,99,ERRO_INTEGRACAO
374202,59459,99,ERRO_INTEGRACAO
374208,59535,99,ERRO_INTEGRACAO
374214,59556,99,ERRO_INTEGRACAO
374215,0101,99,ERRO_INTEGRACAO
374231,0013,99,ERRO_INTEGRACAO
374233,51293,99,ERRO_INTEGRACAO
374469,59556,99,ERRO_INTEGRACAO
374471,59556,99,ERRO_INTEGRACAO
374497,59473,99,ERRO_INTEGRACAO
374498,59473,99,ERRO_INTEGRACAO
374499,59473,99,ERRO_INTEGRACAO
374502,59522,99,ERRO_INTEGRACAO
374504,59520,99,ERRO_INTEGRACAO
374535,59612,99,ERRO_INTEGRACAO
374536,59489,99,ERRO_INTEGRACAO
374537,59489,99,ERRO_INTEGRACAO
374720,59570,99,ERRO_INTEGRACAO
374758,59535,99,ERRO_INTEGRACAO
374759,59611,99,ERRO_INTEGRACAO
374830,61697,99,ERRO_INTEGRACAO
374833,61697,99,ERRO_INTEGRACAO
374850,59526,99,ERRO_INTEGRACAO
374864,59521,99,ERRO_INTEGRACAO
374908,59574,99,ERRO_INTEGRACAO
374910,59566,99,ERRO_INTEGRACAO
374918,59526,99,ERRO_INTEGRACAO
374919,59526,99,ERRO_INTEGRACAO
374931,59536,99,ERRO_INTEGRACAO
374934,59536,99,ERRO_INTEGRACAO
374952,59489,99,ERRO_INTEGRACAO
374955,59559,99,ERRO_INTEGRACAO
374956,59559,99,ERRO_INTEGRACAO
374959,59559,99,ERRO_INTEGRACAO
374960,59559,99,ERRO_INTEGRACAO
374965,59552,99,ERRO_INTEGRACAO
374975,59501,99,ERRO_INTEGRACAO
374977,59555,99,ERRO_INTEGRACAO
374978,59501,99,ERRO_INTEGRACAO
374979,59501,99,ERRO_INTEGRACAO
374995,0003,99,ERRO_INTEGRACAO
374997,59497,99,ERRO_INTEGRACAO
374999,55390,99,ERRO_INTEGRACAO
375000,55390,99,ERRO_INTEGRACAO
375001,55390,99,ERRO_INTEGRACAO
375006,59476,99,ERRO_INTEGRACAO
375008,59459,99,ERRO_INTEGRACAO
375010,59460,99,ERRO_INTEGRACAO
375012,59459,99,ERRO_INTEGRACAO
375048,59560,99,ERRO_INTEGRACAO
375049,59576,99,ERRO_INTEGRACAO
375050,59576,99,ERRO_INTEGRACAO
375052,59576,99,ERRO_INTEGRACAO
375053,0109,99,ERRO_INTEGRACAO
375075,0024,99,ERRO_INTEGRACAO
375213,59500,99,ERRO_INTEGRACAO
375214,07852,99,ERRO_INTEGRACAO
375217,07546,99,ERRO_INTEGRACAO
375224,59489,99,ERRO_INTEGRACAO
375227,07448,99,ERRO_INTEGRACAO
375233,7122,99,ERRO_INTEGRACAO
375237,05052,99,ERRO_INTEGRACAO
375242,07488,99,ERRO_INTEGRACAO
375244,07836,99,ERRO_INTEGRACAO
375247,07448,99,ERRO_INTEGRACAO
375248,07448,99,ERRO_INTEGRACAO
375253,07448,99,ERRO_INTEGRACAO
375254,1566,99,ERRO_INTEGRACAO
375257,07039,99,ERRO_INTEGRACAO
375260,07039,99,ERRO_INTEGRACAO
375273,07722,99,ERRO_INTEGRACAO
375275,07448,99,ERRO_INTEGRACAO
375276,8391,99,ERRO_INTEGRACAO
375277,59566,99,ERRO_INTEGRACAO
375278,11056,99,ERRO_INTEGRACAO
375279,07448,99,ERRO_INTEGRACAO
375284,07891,99,ERRO_INTEGRACAO
375287,07546,99,ERRO_INTEGRACAO
375290,07488,99,ERRO_INTEGRACAO
375291,07820,99,ERRO_INTEGRACAO
375305,07448,99,ERRO_INTEGRACAO
375354,0024,99,ERRO_INTEGRACAO
375364,07448,99,ERRO_INTEGRACAO
375379,59499,99,ERRO_INTEGRACAO
375389,11092,99,ERRO_INTEGRACAO
375396,03328,99,ERRO_INTEGRACAO
375399,0105,99,ERRO_INTEGRACAO
375404,0101,99,ERRO_INTEGRACAO
375470,0013,99,ERRO_INTEGRACAO
375470,07448,99,ERRO_INTEGRACAO
375524,0105,99,ERRO_INTEGRACAO
375536,60572,99,ERRO_INTEGRACAO
375541,60575,99,ERRO_INTEGRACAO
375544,60578,99,ERRO_INTEGRACAO
375553,07448,99,ERRO_INTEGRACAO
375568,0109,99,ERRO_INTEGRACAO
375676,60556,99,ERRO_INTEGRACAO
375677,60556,99,ERRO_INTEGRACAO
375699,59547,99,ERRO_INTEGRACAO
375711,59557,99,ERRO_INTEGRACAO
375712,59533,99,ERRO_INTEGRACAO
375728,59534,99,ERRO_INTEGRACAO
375729,59459,99,ERRO_INTEGRACAO
375731,59558,99,ERRO_INTEGRACAO
375736,59548,99,ERRO_INTEGRACAO
375738,59476,99,ERRO_INTEGRACAO
375742,59497,99,ERRO_INTEGRACAO
375747,55390,99,ERRO_INTEGRACAO
375749,59612,99,ERRO_INTEGRACAO
375838,59599,99,ERRO_INTEGRACAO
375851,0101,99,ERRO_INTEGRACAO
376106,59608,99,ERRO_INTEGRACAO
376128,59473,99,ERRO_INTEGRACAO
376236,0013,99,ERRO_INTEGRACAO
376236,07448,99,ERRO_INTEGRACAO
376635,07448,99,ERRO_INTEGRACAO
376637,10071,99,ERRO_INTEGRACAO
378010,59559,99,ERRO_INTEGRACAO
378106,0105,99,ERRO_INTEGRACAO
378109,0003,99,ERRO_INTEGRACAO
378112,0109,99,ERRO_INTEGRACAO
378122,55452,99,ERRO_INTEGRACAO
378143,59533,99,ERRO_INTEGRACAO
378169,59566,99,ERRO_INTEGRACAO
378170,59566,99,ERRO_INTEGRACAO
378364,05024,99,ERRO_INTEGRACAO
378364,07448,99,ERRO_INTEGRACAO
378400,07742,99,ERRO_INTEGRACAO
378401,07742,99,ERRO_INTEGRACAO
378917,02542,99,ERRO_INTEGRACAO
378930,2276,99,ERRO_INTEGRACAO
378962,0026,99,ERRO_INTEGRACAO
379024,0101,99,ERRO_INTEGRACAO
379040,0101,99,ERRO_INTEGRACAO
379122,59479,99,ERRO_INTEGRACAO
379139,59600,99,ERRO_INTEGRACAO
379160,04338,99,ERRO_INTEGRACAO
379278,07448,99,ERRO_INTEGRACAO
379280,59494,99,ERRO_INTEGRACAO
379282,59460,99,ERRO_INTEGRACAO
379318,07546,99,ERRO_INTEGRACAO
379330,59489,99,ERRO_INTEGRACAO
379331,07722,99,ERRO_INTEGRACAO
379332,07742,99,ERRO_INTEGRACAO
379335,07448,99,ERRO_INTEGRACAO
379337,0206,99,ERRO_INTEGRACAO
379361,0011,99,ERRO_INTEGRACAO
379361,0024,99,ERRO_INTEGRACAO
379362,0011,99,ERRO_INTEGRACAO
379362,0024,99,ERRO_INTEGRACAO
379368,59592,99,ERRO_INTEGRACAO
379371,59503,99,ERRO_INTEGRACAO
379435,59557,99,ERRO_INTEGRACAO
379439,59474,99,ERRO_INTEGRACAO
379884,59611,99,ERRO_INTEGRACAO
379893,59614,99,ERRO_INTEGRACAO
379918,59473,99,ERRO_INTEGRACAO
379921,59555,99,ERRO_INTEGRACAO
379948,59564,99,ERRO_INTEGRACAO
380001,61672,99,ERRO_INTEGRACAO
380002,61672,99,ERRO_INTEGRACAO
380045,59612,99,ERRO_INTEGRACAO
380102,07448,99,ERRO_INTEGRACAO
380102,07742,99,ERRO_INTEGRACAO
380117,2276,99,ERRO_INTEGRACAO
385659,07448,99,ERRO_INTEGRACAO
