ID_CAMPANHA,LIBERAR_GRADE_WEB,PRODUTO,COR_PRODUTO,ESTOQUE,ES1,ES2,ES3,ES4,ES5,ES6,ES7,ES8,ES9,ES10,ES11,ES12,ES13,ES14,ES15,ES16,R_ESTOQUE,R_ES1,R_ES2,R_ES3,R_ES4,R_ES5,R_ES6,R_ES7,R_ES8,R_ES9,R_ES10,R_ES11,R_ES12,R_ES13,R_ES14,R_ES15,R_ES16,status
54,0,367234      ,07742       ,0,0,0,0,0,1,0,0,0,0,0,0,0,0,0,0,0,19,4,8,4,2,1,0,0,0,0,0,0,0,0,0,0,0,PENDENTE_UPDATE
54,0,367234      ,07748       ,0,0,0,0,0,1,0,0,0,0,0,0,0,0,0,0,0,18,4,7,4,2,1,0,0,0,0,0,0,0,0,0,0,0,PENDENTE_UPDATE
54,0,367846      ,07448       ,0,0,0,0,0,0,0,0,0,0,0,0,0,0,0,0,0,15,2,4,4,3,1,1,0,0,0,0,0,0,0,0,0,0,PENDENTE_UPDATE
54,0,367847      ,07448       ,0,0,0,0,0,0,0,0,0,0,0,0,0,0,0,0,0,15,4,6,3,1,1,0,0,0,0,0,0,0,0,0,0,0,PENDENTE_UPDATE
54,0,368530      ,10066       ,0,0,0,0,0,0,0,0,0,0,0,0,0,0,0,0,0,26,6,10,5,3,2,0,0,0,0,0,0,0,0,0,0,0,PENDENTE_UPDATE
54,0,368531      ,10066       ,0,0,0,0,0,1,0,0,0,0,0,0,0,0,0,0,0,30,6,11,7,4,2,0,0,0,0,0,0,0,0,0,0,0,PENDENTE_UPDATE
54,0,368537      ,58302       ,0,0,0,0,0,0,0,0,0,0,0,0,0,0,0,0,0,15,3,6,3,2,1,0,0,0,0,0,0,0,0,0,0,0,PENDENTE_UPDATE
54,0,371830      ,07742       ,0,0,0,0,0,0,0,0,0,0,0,0,0,0,0,0,0,78,21,30,15,8,4,0,0,0,0,0,0,0,0,0,0,0,PENDENTE_UPDATE
54,0,371830      ,09269       ,0,0,0,0,0,0,0,0,0,0,0,0,0,0,0,0,0,20,5,8,4,2,1,0,0,0,0,0,0,0,0,0,0,0,PENDENTE_UPDATE
54,0,371832      ,07448       ,0,0,0,0,0,0,0,0,0,0,0,0,0,0,0,0,0,71,18,27,14,8,4,0,0,0,0,0,0,0,0,0,0,0,PENDENTE_UPDATE
54,0,371833      ,0013        ,0,0,0,0,0,0,0,0,0,0,0,0,0,0,0,0,0,71,18,27,14,8,4,0,0,0,0,0,0,0,0,0,0,0,PENDENTE_UPDATE
54,0,371833      ,05052       ,0,0,0,0,0,0,0,0,0,0,0,0,0,0,0,0,0,17,4,7,3,2,1,0,0,0,0,0,0,0,0,0,0,0,PENDENTE_UPDATE
54,0,371834      ,04097       ,0,0,0,0,0,0,0,0,0,0,0,0,0,0,0,0,0,16,4,6,3,2,1,0,0,0,0,0,0,0,0,0,0,0,PENDENTE_UPDATE
54,0,371834      ,07448       ,0,0,0,0,0,0,0,0,0,0,0,0,0,0,0,0,0,53,14,20,10,6,3,0,0,0,0,0,0,0,0,0,0,0,PENDENTE_UPDATE
54,0,371846      ,07448       ,0,0,0,0,0,0,0,0,0,0,0,0,0,0,0,0,0,19,5,7,4,2,1,0,0,0,0,0,0,0,0,0,0,0,PENDENTE_UPDATE
54,0,371848      ,07448       ,0,0,0,0,0,0,0,0,0,0,0,0,0,0,0,0,0,74,20,28,14,8,4,0,0,0,0,0,0,0,0,0,0,0,PENDENTE_UPDATE
54,0,371848      ,07742       ,0,0,0,0,0,0,0,0,0,0,0,0,0,0,0,0,0,74,20,28,14,8,4,0,0,0,0,0,0,0,0,0,0,0,PENDENTE_UPDATE
54,0,371850      ,7122        ,0,0,0,0,0,0,0,0,0,0,0,0,0,0,0,0,0,57,15,22,11,6,3,0,0,0,0,0,0,0,0,0,0,0,PENDENTE_UPDATE
54,0,371860      ,0013        ,0,0,0,0,0,0,0,0,0,0,0,0,0,0,0,0,0,21,4,7,5,3,2,0,0,0,0,0,0,0,0,0,0,0,PENDENTE_UPDATE
54,0,371863      ,05024       ,0,0,0,0,0,0,0,0,0,0,0,0,0,0,0,0,0,13,4,5,2,1,1,0,0,0,0,0,0,0,0,0,0,0,PENDENTE_UPDATE
54,0,371863      ,07742       ,0,0,0,0,0,0,0,0,0,0,0,0,0,0,0,0,0,18,5,7,3,2,1,0,0,0,0,0,0,0,0,0,0,0,PENDENTE_UPDATE
54,0,371868      ,0013        ,0,0,0,0,0,0,0,0,0,0,0,0,0,0,0,0,0,13,3,5,3,1,1,0,0,0,0,0,0,0,0,0,0,0,PENDENTE_UPDATE
54,0,371868      ,05024       ,0,0,0,0,0,0,0,0,0,0,0,0,0,0,0,0,0,13,3,5,3,1,1,0,0,0,0,0,0,0,0,0,0,0,PENDENTE_UPDATE
54,0,371868      ,07836       ,0,0,0,0,0,0,0,0,0,0,0,0,0,0,0,0,0,13,3,5,3,1,1,0,0,0,0,0,0,0,0,0,0,0,PENDENTE_UPDATE
54,0,371880      ,0013        ,0,0,0,0,0,0,0,0,0,0,0,0,0,0,0,0,0,19,4,8,4,2,1,0,0,0,0,0,0,0,0,0,0,0,PENDENTE_UPDATE
54,0,371880      ,05024       ,0,0,0,0,0,0,0,0,0,0,0,0,0,0,0,0,0,18,4,7,4,2,1,0,0,0,0,0,0,0,0,0,0,0,PENDENTE_UPDATE
54,0,371880      ,07836       ,0,0,0,0,0,0,0,0,0,0,0,0,0,0,0,0,0,13,3,5,3,1,1,0,0,0,0,0,0,0,0,0,0,0,PENDENTE_UPDATE
54,0,372004      ,59467       ,0,0,0,0,0,0,0,0,0,0,0,0,0,0,0,0,0,76,14,26,17,11,8,0,0,0,0,0,0,0,0,0,0,0,PENDENTE_UPDATE
54,0,372005      ,59467       ,0,0,0,0,0,0,0,0,0,0,0,0,0,0,0,0,0,23,4,8,6,3,2,0,0,0,0,0,0,0,0,0,0,0,PENDENTE_UPDATE
54,0,372006      ,59467       ,0,0,0,0,0,0,0,0,0,0,0,0,0,0,0,0,0,24,4,8,6,4,2,0,0,0,0,0,0,0,0,0,0,0,PENDENTE_UPDATE
54,0,372014      ,61665       ,0,0,0,0,0,0,0,0,0,0,0,0,0,0,0,0,0,46,9,15,11,7,4,0,0,0,0,0,0,0,0,0,0,0,PENDENTE_UPDATE
54,0,372015      ,61665       ,0,0,0,0,0,0,0,0,0,0,0,0,0,0,0,0,0,31,6,10,7,5,3,0,0,0,0,0,0,0,0,0,0,0,PENDENTE_UPDATE
54,0,372017      ,59547       ,0,0,0,0,0,0,0,0,0,0,0,0,0,0,0,0,0,101,19,34,23,15,10,0,0,0,0,0,0,0,0,0,0,0,PENDENTE_UPDATE
54,0,372018      ,59547       ,0,0,0,0,0,0,0,0,0,0,0,0,0,0,0,0,0,33,6,11,8,5,3,0,0,0,0,0,0,0,0,0,0,0,PENDENTE_UPDATE
54,0,372032      ,59602       ,0,0,0,0,0,0,0,0,0,0,0,0,0,0,0,0,0,14,3,5,3,2,1,0,0,0,0,0,0,0,0,0,0,0,PENDENTE_UPDATE
54,0,372033      ,59602       ,0,0,0,0,0,0,0,0,0,0,0,0,0,0,0,0,0,29,6,9,7,4,3,0,0,0,0,0,0,0,0,0,0,0,PENDENTE_UPDATE
54,0,372042      ,59614       ,0,0,0,0,0,1,0,0,0,0,0,0,0,0,0,0,0,96,18,32,22,14,10,0,0,0,0,0,0,0,0,0,0,0,PENDENTE_UPDATE
54,0,372046      ,59554       ,0,0,0,0,0,0,0,0,0,0,0,0,0,0,0,0,0,29,6,9,7,4,3,0,0,0,0,0,0,0,0,0,0,0,PENDENTE_UPDATE
54,0,372073      ,59557       ,0,0,0,0,0,0,0,0,0,0,0,0,0,0,0,0,0,21,4,7,5,3,2,0,0,0,0,0,0,0,0,0,0,0,PENDENTE_UPDATE
54,0,372087      ,59557       ,0,0,0,0,0,0,0,0,0,0,0,0,0,0,0,0,0,21,4,7,5,3,2,0,0,0,0,0,0,0,0,0,0,0,PENDENTE_UPDATE
54,0,372093      ,59481       ,0,0,0,0,0,0,0,0,0,0,0,0,0,0,0,0,0,82,15,28,19,12,8,0,0,0,0,0,0,0,0,0,0,0,PENDENTE_UPDATE
54,0,372094      ,59481       ,0,0,0,0,0,0,0,0,0,0,0,0,0,0,0,0,0,21,4,7,5,3,2,0,0,0,0,0,0,0,0,0,0,0,PENDENTE_UPDATE
54,0,372096      ,59593       ,0,0,0,0,0,0,0,0,0,0,0,0,0,0,0,0,0,31,6,10,7,5,3,0,0,0,0,0,0,0,0,0,0,0,PENDENTE_UPDATE
54,0,372097      ,59591       ,0,0,0,0,0,0,0,0,0,0,0,0,0,0,0,0,0,27,5,9,6,4,3,0,0,0,0,0,0,0,0,0,0,0,PENDENTE_UPDATE
54,0,372098      ,59593       ,0,0,0,0,0,0,0,0,0,0,0,0,0,0,0,0,0,21,4,7,5,3,2,0,0,0,0,0,0,0,0,0,0,0,PENDENTE_UPDATE
54,0,372099      ,59593       ,0,0,0,0,0,0,0,0,0,0,0,0,0,0,0,0,0,23,4,8,6,3,2,0,0,0,0,0,0,0,0,0,0,0,PENDENTE_UPDATE
54,0,372104      ,59548       ,0,0,0,0,0,0,0,0,0,0,0,0,0,0,0,0,0,75,14,25,17,11,8,0,0,0,0,0,0,0,0,0,0,0,PENDENTE_UPDATE
54,0,372249      ,59474       ,0,0,0,0,0,0,0,0,0,0,0,0,0,0,0,0,0,29,6,9,7,4,3,0,0,0,0,0,0,0,0,0,0,0,PENDENTE_UPDATE
54,0,372250      ,59481       ,0,0,0,0,0,0,0,0,0,0,0,0,0,0,0,0,0,83,15,28,19,12,9,0,0,0,0,0,0,0,0,0,0,0,PENDENTE_UPDATE
54,0,372251      ,59481       ,0,0,0,0,0,0,0,0,0,0,0,0,0,0,0,0,0,27,5,9,6,4,3,0,0,0,0,0,0,0,0,0,0,0,PENDENTE_UPDATE
54,0,372256      ,59670       ,0,0,0,0,0,0,0,0,0,0,0,0,0,0,0,0,0,85,16,28,19,13,9,0,0,0,0,0,0,0,0,0,0,0,PENDENTE_UPDATE
54,0,372279      ,59473       ,0,0,0,0,0,0,0,0,0,0,0,0,0,0,0,0,0,45,9,17,10,6,3,0,0,0,0,0,0,0,0,0,0,0,PENDENTE_UPDATE
54,0,372280      ,59476       ,0,0,0,0,0,0,0,0,0,0,0,0,0,0,0,0,0,70,14,26,15,10,5,0,0,0,0,0,0,0,0,0,0,0,PENDENTE_UPDATE
54,0,372287      ,59498       ,0,0,0,0,0,0,0,0,0,0,0,0,0,0,0,0,0,55,11,21,12,7,4,0,0,0,0,0,0,0,0,0,0,0,PENDENTE_UPDATE
54,0,372302      ,59709       ,0,0,0,0,0,0,0,0,0,0,0,0,0,0,0,0,0,85,17,32,18,12,6,0,0,0,0,0,0,0,0,0,0,0,PENDENTE_UPDATE
54,0,372307      ,59498       ,0,0,0,0,0,0,0,0,0,0,0,0,0,0,0,0,0,67,14,25,14,9,5,0,0,0,0,0,0,0,0,0,0,0,PENDENTE_UPDATE
54,0,372308      ,59721       ,0,0,0,0,0,0,0,0,0,0,0,0,0,0,0,0,0,51,10,19,11,7,4,0,0,0,0,0,0,0,0,0,0,0,PENDENTE_UPDATE
54,0,372309      ,59721       ,0,0,0,0,0,0,0,0,0,0,0,0,0,0,0,0,0,52,12,19,11,6,4,0,0,0,0,0,0,0,0,0,0,0,PENDENTE_UPDATE
54,0,372368      ,59548       ,0,0,0,0,0,0,0,0,0,0,0,0,0,0,0,0,0,50,10,16,12,7,5,0,0,0,0,0,0,0,0,0,0,0,PENDENTE_UPDATE
54,0,372370      ,59547       ,0,0,0,0,0,0,0,0,0,0,0,0,0,0,0,0,0,32,6,10,8,5,3,0,0,0,0,0,0,0,0,0,0,0,PENDENTE_UPDATE
54,0,372373      ,59498       ,0,0,0,0,0,0,0,0,0,0,0,0,0,0,0,0,0,22,5,7,5,3,2,0,0,0,0,0,0,0,0,0,0,0,PENDENTE_UPDATE
54,0,372374      ,59576       ,0,0,0,0,0,0,0,0,0,0,0,0,0,0,0,0,0,33,6,11,8,5,3,0,0,0,0,0,0,0,0,0,0,0,PENDENTE_UPDATE
54,0,372397      ,59574       ,0,0,0,0,0,0,0,0,0,0,0,0,0,0,0,0,0,87,16,29,20,13,9,0,0,0,0,0,0,0,0,0,0,0,PENDENTE_UPDATE
54,0,372429      ,59591       ,0,0,0,0,0,0,0,0,0,0,0,0,0,0,0,0,0,42,8,14,10,6,4,0,0,0,0,0,0,0,0,0,0,0,PENDENTE_UPDATE
54,0,372430      ,59537       ,0,0,0,0,0,0,0,0,0,0,0,0,0,0,0,0,0,15,3,5,4,2,1,0,0,0,0,0,0,0,0,0,0,0,PENDENTE_UPDATE
54,0,372431      ,59548       ,0,0,0,0,0,0,0,0,0,0,0,0,0,0,0,0,0,37,7,13,9,5,3,0,0,0,0,0,0,0,0,0,0,0,PENDENTE_UPDATE
54,0,372432      ,59548       ,0,0,0,0,0,0,0,0,0,0,0,0,0,0,0,0,0,29,5,9,7,5,3,0,0,0,0,0,0,0,0,0,0,0,PENDENTE_UPDATE
54,0,372433      ,59547       ,0,0,0,0,0,0,0,0,0,0,0,0,0,0,0,0,0,34,6,12,8,5,3,0,0,0,0,0,0,0,0,0,0,0,PENDENTE_UPDATE
54,0,372438      ,59516       ,0,0,0,0,0,0,0,0,0,0,0,0,0,0,0,0,0,27,5,9,6,4,3,0,0,0,0,0,0,0,0,0,0,0,PENDENTE_UPDATE
54,0,372439      ,59498       ,0,0,0,0,0,0,0,0,0,0,0,0,0,0,0,0,0,23,4,8,6,3,2,0,0,0,0,0,0,0,0,0,0,0,PENDENTE_UPDATE
54,0,372440      ,59498       ,0,0,0,0,0,0,0,0,0,0,0,0,0,0,0,0,0,21,4,7,5,3,2,0,0,0,0,0,0,0,0,0,0,0,PENDENTE_UPDATE
54,0,372441      ,59498       ,0,0,0,0,0,0,0,0,0,0,0,0,0,0,0,0,0,27,5,9,6,4,3,0,0,0,0,0,0,0,0,0,0,0,PENDENTE_UPDATE
54,0,372442      ,59498       ,0,0,0,0,0,0,0,0,0,0,0,0,0,0,0,0,0,42,8,14,10,6,4,0,0,0,0,0,0,0,0,0,0,0,PENDENTE_UPDATE
54,0,372446      ,59534       ,0,0,0,0,0,0,0,0,0,0,0,0,0,0,0,0,0,39,8,14,9,5,3,0,0,0,0,0,0,0,0,0,0,0,PENDENTE_UPDATE
54,0,372447      ,59560       ,0,0,0,0,0,0,0,0,0,0,0,0,0,0,0,0,0,29,6,9,7,4,3,0,0,0,0,0,0,0,0,0,0,0,PENDENTE_UPDATE
54,0,372451      ,59535       ,0,0,0,0,0,0,0,0,0,0,0,0,0,0,0,0,0,55,11,18,13,8,5,0,0,0,0,0,0,0,0,0,0,0,PENDENTE_UPDATE
54,0,372471      ,59533       ,0,0,0,0,0,0,0,0,0,0,0,0,0,0,0,0,0,21,4,7,5,3,2,0,0,0,0,0,0,0,0,0,0,0,PENDENTE_UPDATE
54,0,372472      ,59533       ,0,0,0,0,0,0,0,0,0,0,0,0,0,0,0,0,0,24,4,8,6,4,2,0,0,0,0,0,0,0,0,0,0,0,PENDENTE_UPDATE
54,0,372474      ,59536       ,0,0,0,0,0,0,0,0,0,0,0,0,0,0,0,0,0,38,7,12,9,6,4,0,0,0,0,0,0,0,0,0,0,0,PENDENTE_UPDATE
54,0,372475      ,59587       ,0,0,0,0,0,0,0,0,0,0,0,0,0,0,0,0,0,108,20,36,25,16,11,0,0,0,0,0,0,0,0,0,0,0,PENDENTE_UPDATE
54,0,372476      ,59587       ,0,0,0,0,0,0,0,0,0,0,0,0,0,0,0,0,0,29,6,9,7,4,3,0,0,0,0,0,0,0,0,0,0,0,PENDENTE_UPDATE
54,0,372477      ,59587       ,0,0,0,0,0,0,0,0,0,0,0,0,0,0,0,0,0,31,6,10,7,5,3,0,0,0,0,0,0,0,0,0,0,0,PENDENTE_UPDATE
54,0,372478      ,59587       ,0,0,0,0,0,0,0,0,0,0,0,0,0,0,0,0,0,38,8,13,7,6,4,0,0,0,0,0,0,0,0,0,0,0,PENDENTE_UPDATE
54,0,372479      ,59525       ,0,0,0,0,0,0,0,0,0,0,0,0,0,0,0,0,0,29,6,9,7,4,3,0,0,0,0,0,0,0,0,0,0,0,PENDENTE_UPDATE
54,0,372480      ,59497       ,0,0,0,0,0,0,0,0,0,0,0,0,0,0,0,0,0,29,6,9,7,4,3,0,0,0,0,0,0,0,0,0,0,0,PENDENTE_UPDATE
54,0,372481      ,59497       ,0,0,0,0,0,0,0,0,0,0,0,0,0,0,0,0,0,14,3,5,3,2,1,0,0,0,0,0,0,0,0,0,0,0,PENDENTE_UPDATE
54,0,372526      ,59555       ,0,0,0,0,0,0,0,0,0,0,0,0,0,0,0,0,0,20,4,7,4,3,2,0,0,0,0,0,0,0,0,0,0,0,PENDENTE_UPDATE
54,0,372527      ,59555       ,0,0,0,0,0,0,0,0,0,0,0,0,0,0,0,0,0,21,4,7,5,3,2,0,0,0,0,0,0,0,0,0,0,0,PENDENTE_UPDATE
54,0,372536      ,59592       ,0,0,0,0,0,0,0,0,0,0,0,0,0,0,0,0,0,26,5,8,6,4,3,0,0,0,0,0,0,0,0,0,0,0,PENDENTE_UPDATE
54,0,372537      ,59479       ,0,0,0,0,0,3,0,0,0,0,0,0,0,0,0,0,0,79,15,26,18,12,8,0,0,0,0,0,0,0,0,0,0,0,PENDENTE_UPDATE
54,0,372539      ,59479       ,0,0,0,0,0,0,0,0,0,0,0,0,0,0,0,0,0,25,5,8,6,4,2,0,0,0,0,0,0,0,0,0,0,0,PENDENTE_UPDATE
54,0,372540      ,59479       ,0,0,0,0,0,0,0,0,0,0,0,0,0,0,0,0,0,16,3,6,4,2,1,0,0,0,0,0,0,0,0,0,0,0,PENDENTE_UPDATE
54,0,372541      ,59479       ,0,0,0,0,0,2,0,0,0,0,0,0,0,0,0,0,0,18,3,6,4,3,2,0,0,0,0,0,0,0,0,0,0,0,PENDENTE_UPDATE
54,0,372557      ,59499       ,0,0,0,0,0,0,0,0,0,0,0,0,0,0,0,0,0,16,3,6,4,2,1,0,0,0,0,0,0,0,0,0,0,0,PENDENTE_UPDATE
54,0,372558      ,59499       ,0,0,0,0,0,0,0,0,0,0,0,0,0,0,0,0,0,17,3,5,4,3,2,0,0,0,0,0,0,0,0,0,0,0,PENDENTE_UPDATE
54,0,372666      ,59574       ,0,0,0,0,0,0,0,0,0,0,0,0,0,0,0,0,0,28,5,9,7,4,3,0,0,0,0,0,0,0,0,0,0,0,PENDENTE_UPDATE
54,0,372669      ,59474       ,0,0,0,0,0,0,0,0,0,0,0,0,0,0,0,0,0,23,4,8,5,4,2,0,0,0,0,0,0,0,0,0,0,0,PENDENTE_UPDATE
54,0,372697      ,59500       ,0,0,0,0,0,0,0,0,0,0,0,0,0,0,0,0,0,21,4,7,5,3,2,0,0,0,0,0,0,0,0,0,0,0,PENDENTE_UPDATE
54,0,372698      ,59500       ,0,0,0,0,0,0,0,0,0,0,0,0,0,0,0,0,0,16,3,6,4,2,1,0,0,0,0,0,0,0,0,0,0,0,PENDENTE_UPDATE
54,0,372699      ,59500       ,0,0,0,0,0,0,0,0,0,0,0,0,0,0,0,0,0,16,3,5,4,2,2,0,0,0,0,0,0,0,0,0,0,0,PENDENTE_UPDATE
54,0,372704      ,59594       ,0,0,0,0,0,2,0,0,0,0,0,0,0,0,0,0,0,27,5,9,6,4,3,0,0,0,0,0,0,0,0,0,0,0,PENDENTE_UPDATE
54,0,372706      ,59594       ,0,0,0,0,0,0,0,0,0,0,0,0,0,0,0,0,0,15,3,5,4,2,1,0,0,0,0,0,0,0,0,0,0,0,PENDENTE_UPDATE
54,0,372707      ,59594       ,0,0,0,0,0,0,0,0,0,0,0,0,0,0,0,0,0,14,3,5,3,2,1,0,0,0,0,0,0,0,0,0,0,0,PENDENTE_UPDATE
54,0,372714      ,59612       ,0,0,0,0,0,0,0,0,0,0,0,0,0,0,0,0,0,34,7,11,8,5,3,0,0,0,0,0,0,0,0,0,0,0,PENDENTE_UPDATE
54,0,372715      ,59612       ,0,0,0,0,0,0,0,0,0,0,0,0,0,0,0,0,0,33,6,11,8,5,3,0,0,0,0,0,0,0,0,0,0,0,PENDENTE_UPDATE
54,0,372716      ,59612       ,0,0,0,0,0,0,0,0,0,0,0,0,0,0,0,0,0,27,5,9,6,4,3,0,0,0,0,0,0,0,0,0,0,0,PENDENTE_UPDATE
54,0,372717      ,59612       ,0,0,0,0,0,0,0,0,0,0,0,0,0,0,0,0,0,26,5,9,6,4,2,0,0,0,0,0,0,0,0,0,0,0,PENDENTE_UPDATE
54,0,372718      ,59612       ,0,0,0,0,0,0,0,0,0,0,0,0,0,0,0,0,0,21,4,7,5,3,2,0,0,0,0,0,0,0,0,0,0,0,PENDENTE_UPDATE
54,0,372719      ,59612       ,0,0,0,0,0,0,0,0,0,0,0,0,0,0,0,0,0,28,5,9,7,4,3,0,0,0,0,0,0,0,0,0,0,0,PENDENTE_UPDATE
54,0,372752      ,55453       ,0,0,0,0,0,0,0,0,0,0,0,0,0,0,0,0,0,12,2,4,3,2,1,0,0,0,0,0,0,0,0,0,0,0,PENDENTE_UPDATE
54,0,372754      ,55454       ,0,0,0,0,0,1,0,0,0,0,0,0,0,0,0,0,0,30,6,10,7,4,3,0,0,0,0,0,0,0,0,0,0,0,PENDENTE_UPDATE
54,0,372755      ,55453       ,0,0,0,0,0,0,0,0,0,0,0,0,0,0,0,0,0,13,2,5,3,2,1,0,0,0,0,0,0,0,0,0,0,0,PENDENTE_UPDATE
54,0,372756      ,55453       ,0,0,0,0,0,0,0,0,0,0,0,0,0,0,0,0,0,41,8,13,10,6,4,0,0,0,0,0,0,0,0,0,0,0,PENDENTE_UPDATE
54,0,372831      ,59481       ,0,0,0,0,0,0,0,0,0,0,0,0,0,0,0,0,0,21,4,7,5,3,2,0,0,0,0,0,0,0,0,0,0,0,PENDENTE_UPDATE
54,0,372920      ,07448       ,15,7,0,6,4,2,0,0,0,0,0,0,0,0,0,0,0,31,7,12,6,4,2,0,0,0,0,0,0,0,0,0,0,0,PENDENTE_UPDATE
54,0,372922      ,07448       ,0,0,0,0,0,0,0,0,0,0,0,0,0,0,0,0,0,43,9,16,9,6,3,0,0,0,0,0,0,0,0,0,0,0,PENDENTE_UPDATE
54,0,372923      ,07448       ,0,0,0,0,0,0,0,0,0,0,0,0,0,0,0,0,0,22,5,8,5,3,1,0,0,0,0,0,0,0,0,0,0,0,PENDENTE_UPDATE
54,0,372927      ,07742       ,0,0,0,0,0,0,0,0,0,0,0,0,0,0,0,0,0,38,8,15,8,5,2,0,0,0,0,0,0,0,0,0,0,0,PENDENTE_UPDATE
54,0,372928      ,07448       ,0,0,0,0,0,0,0,0,0,0,0,0,0,0,0,0,0,14,3,5,3,2,1,0,0,0,0,0,0,0,0,0,0,0,PENDENTE_UPDATE
54,0,372931      ,07742       ,0,0,0,0,0,1,0,0,0,0,0,0,0,0,0,0,0,26,6,10,5,3,2,0,0,0,0,0,0,0,0,0,0,0,PENDENTE_UPDATE
54,0,372932      ,05052       ,0,0,0,0,0,0,0,0,0,0,0,0,0,0,0,0,0,14,3,5,3,2,1,0,0,0,0,0,0,0,0,0,0,0,PENDENTE_UPDATE
54,0,372936      ,07448       ,0,0,0,0,0,0,0,0,0,0,0,0,0,0,0,0,0,31,7,12,6,4,2,0,0,0,0,0,0,0,0,0,0,0,PENDENTE_UPDATE
54,0,372938      ,07448       ,0,0,0,0,0,1,0,0,0,0,0,0,0,0,0,0,0,31,7,12,6,4,2,0,0,0,0,0,0,0,0,0,0,0,PENDENTE_UPDATE
54,0,372981      ,59498       ,0,0,0,0,0,0,0,0,0,0,0,0,0,0,0,0,0,27,5,9,6,4,3,0,0,0,0,0,0,0,0,0,0,0,PENDENTE_UPDATE
54,0,372988      ,59534       ,0,0,0,0,0,0,0,0,0,0,0,0,0,0,0,0,0,13,2,5,3,2,1,0,0,0,0,0,0,0,0,0,0,0,PENDENTE_UPDATE
54,0,372989      ,59534       ,0,0,0,0,0,0,0,0,0,0,0,0,0,0,0,0,0,14,3,5,3,2,1,0,0,0,0,0,0,0,0,0,0,0,PENDENTE_UPDATE
54,0,373022      ,59500       ,0,0,0,0,0,0,0,0,0,0,0,0,0,0,0,0,0,29,6,11,6,4,2,0,0,0,0,0,0,0,0,0,0,0,PENDENTE_UPDATE
54,0,373028      ,59504       ,0,0,0,0,0,0,0,0,0,0,0,0,0,0,0,0,0,55,11,21,12,7,4,0,0,0,0,0,0,0,0,0,0,0,PENDENTE_UPDATE
54,0,373053      ,59564       ,0,0,0,0,0,0,0,0,0,0,0,0,0,0,0,0,0,104,19,35,23,16,11,0,0,0,0,0,0,0,0,0,0,0,PENDENTE_UPDATE
54,0,373054      ,60045       ,0,0,0,0,0,0,0,0,0,0,0,0,0,0,0,0,0,12,2,4,3,2,1,0,0,0,0,0,0,0,0,0,0,0,PENDENTE_UPDATE
54,0,373056      ,59564       ,0,0,0,0,0,0,0,0,0,0,0,0,0,0,0,0,0,21,4,7,5,3,2,0,0,0,0,0,0,0,0,0,0,0,PENDENTE_UPDATE
54,0,373078      ,59567       ,0,0,0,0,0,0,0,0,0,0,0,0,0,0,0,0,0,21,4,7,5,3,2,0,0,0,0,0,0,0,0,0,0,0,PENDENTE_UPDATE
54,0,373079      ,59567       ,0,0,0,0,0,0,0,0,0,0,0,0,0,0,0,0,0,24,5,8,6,3,2,0,0,0,0,0,0,0,0,0,0,0,PENDENTE_UPDATE
54,0,373080      ,59567       ,0,0,0,0,0,0,0,0,0,0,0,0,0,0,0,0,0,16,3,6,4,2,1,0,0,0,0,0,0,0,0,0,0,0,PENDENTE_UPDATE
54,0,373081      ,59567       ,0,0,0,0,0,0,0,0,0,0,0,0,0,0,0,0,0,18,3,6,4,3,2,0,0,0,0,0,0,0,0,0,0,0,PENDENTE_UPDATE
54,0,373084      ,59504       ,0,0,0,0,0,0,0,0,0,0,0,0,0,0,0,0,0,54,11,17,13,8,5,0,0,0,0,0,0,0,0,0,0,0,PENDENTE_UPDATE
54,0,373085      ,59504       ,0,0,0,0,0,0,0,0,0,0,0,0,0,0,0,0,0,26,5,9,6,4,2,0,0,0,0,0,0,0,0,0,0,0,PENDENTE_UPDATE
54,0,373086      ,59504       ,0,0,0,0,0,0,0,0,0,0,0,0,0,0,0,0,0,29,5,9,7,5,3,0,0,0,0,0,0,0,0,0,0,0,PENDENTE_UPDATE
54,0,373087      ,59538       ,0,0,0,0,0,0,0,0,0,0,0,0,0,0,0,0,0,29,5,10,7,4,3,0,0,0,0,0,0,0,0,0,0,0,PENDENTE_UPDATE
54,0,373088      ,59538       ,0,0,0,0,0,0,0,0,0,0,0,0,0,0,0,0,0,34,7,11,8,5,3,0,0,0,0,0,0,0,0,0,0,0,PENDENTE_UPDATE
54,0,373090      ,59538       ,0,0,0,0,0,0,0,0,0,0,0,0,0,0,0,0,0,21,4,7,5,3,2,0,0,0,0,0,0,0,0,0,0,0,PENDENTE_UPDATE
54,0,373091      ,59538       ,0,0,0,0,0,0,0,0,0,0,0,0,0,0,0,0,0,24,4,8,6,4,2,0,0,0,0,0,0,0,0,0,0,0,PENDENTE_UPDATE
54,0,373092      ,59599       ,0,0,0,0,0,0,0,0,0,0,0,0,0,0,0,0,0,23,4,8,5,4,2,0,0,0,0,0,0,0,0,0,0,0,PENDENTE_UPDATE
54,0,373093      ,59599       ,0,0,0,0,0,0,0,0,0,0,0,0,0,0,0,0,0,29,6,9,7,4,3,0,0,0,0,0,0,0,0,0,0,0,PENDENTE_UPDATE
54,0,373094      ,59599       ,0,0,0,0,0,0,0,0,0,0,0,0,0,0,0,0,0,87,16,29,20,13,9,0,0,0,0,0,0,0,0,0,0,0,PENDENTE_UPDATE
54,0,373096      ,59599       ,0,0,0,0,0,1,0,0,0,0,0,0,0,0,0,0,0,24,4,8,6,4,2,0,0,0,0,0,0,0,0,0,0,0,PENDENTE_UPDATE
54,0,373098      ,59600       ,0,0,0,0,0,0,0,0,0,0,0,0,0,0,0,0,0,21,4,7,5,3,2,0,0,0,0,0,0,0,0,0,0,0,PENDENTE_UPDATE
54,0,373099      ,59600       ,0,0,0,0,0,0,0,0,0,0,0,0,0,0,0,0,0,25,5,9,6,3,2,0,0,0,0,0,0,0,0,0,0,0,PENDENTE_UPDATE
54,0,373108      ,59463       ,0,0,0,0,0,0,0,0,0,0,0,0,0,0,0,0,0,29,5,10,7,4,3,0,0,0,0,0,0,0,0,0,0,0,PENDENTE_UPDATE
54,0,373109      ,59463       ,0,0,0,0,0,0,0,0,0,0,0,0,0,0,0,0,0,46,9,15,11,7,4,0,0,0,0,0,0,0,0,0,0,0,PENDENTE_UPDATE
54,0,373110      ,59463       ,0,0,0,0,0,0,0,0,0,0,0,0,0,0,0,0,0,25,5,9,6,3,2,0,0,0,0,0,0,0,0,0,0,0,PENDENTE_UPDATE
54,0,373111      ,59463       ,0,0,0,0,0,0,0,0,0,0,0,0,0,0,0,0,0,26,5,9,6,4,2,0,0,0,0,0,0,0,0,0,0,0,PENDENTE_UPDATE
54,0,373113      ,59524       ,0,0,0,0,0,0,0,0,0,0,0,0,0,0,0,0,0,21,4,7,5,3,2,0,0,0,0,0,0,0,0,0,0,0,PENDENTE_UPDATE
54,0,373114      ,59524       ,0,0,0,0,0,0,0,0,0,0,0,0,0,0,0,0,0,24,5,8,6,3,2,0,0,0,0,0,0,0,0,0,0,0,PENDENTE_UPDATE
54,0,373116      ,59524       ,0,0,0,0,0,0,0,0,0,0,0,0,0,0,0,0,0,21,4,7,5,3,2,0,0,0,0,0,0,0,0,0,0,0,PENDENTE_UPDATE
54,0,373117      ,59524       ,0,0,0,0,0,0,0,0,0,0,0,0,0,0,0,0,0,18,3,6,4,3,2,0,0,0,0,0,0,0,0,0,0,0,PENDENTE_UPDATE
54,0,373142      ,59594       ,0,0,0,0,0,0,0,0,0,0,0,0,0,0,0,0,0,23,4,8,5,4,2,0,0,0,0,0,0,0,0,0,0,0,PENDENTE_UPDATE
54,0,373170      ,59481       ,0,0,0,0,0,0,0,0,0,0,0,0,0,0,0,0,0,37,7,13,9,5,3,0,0,0,0,0,0,0,0,0,0,0,PENDENTE_UPDATE
54,0,373184      ,05024       ,0,0,0,0,0,0,0,0,0,0,0,0,0,0,0,0,0,26,6,10,5,3,2,0,0,0,0,0,0,0,0,0,0,0,PENDENTE_UPDATE
54,0,373184      ,07448       ,0,0,0,0,0,0,0,0,0,0,0,0,0,0,0,0,0,38,8,15,8,5,2,0,0,0,0,0,0,0,0,0,0,0,PENDENTE_UPDATE
54,0,373199      ,07742       ,0,0,0,0,0,0,0,0,0,0,0,0,0,0,0,0,0,31,7,12,6,4,2,0,0,0,0,0,0,0,0,0,0,0,PENDENTE_UPDATE
54,0,373202      ,05024       ,0,0,0,0,0,0,0,0,0,0,0,0,0,0,0,0,0,26,6,10,5,3,2,0,0,0,0,0,0,0,0,0,0,0,PENDENTE_UPDATE
54,0,373203      ,2276        ,0,0,0,0,0,0,0,0,0,0,0,0,0,0,0,0,0,14,3,5,3,2,1,0,0,0,0,0,0,0,0,0,0,0,PENDENTE_UPDATE
54,0,373206      ,0105        ,0,0,0,0,0,1,0,0,0,0,0,0,0,0,0,0,0,35,9,14,5,4,3,0,0,0,0,0,0,0,0,0,0,0,PENDENTE_UPDATE
54,0,373207      ,0105        ,0,0,0,0,0,0,0,1,0,0,0,0,0,0,0,0,0,33,3,7,10,7,4,2,0,0,0,0,0,0,0,0,0,0,PENDENTE_UPDATE
54,0,373218      ,2276        ,0,0,0,0,0,0,0,0,0,0,0,0,0,0,0,0,0,24,5,9,5,3,2,0,0,0,0,0,0,0,0,0,0,0,PENDENTE_UPDATE
54,0,373236      ,2276        ,0,0,0,0,0,0,0,0,0,0,0,0,0,0,0,0,0,26,6,10,5,3,2,0,0,0,0,0,0,0,0,0,0,0,PENDENTE_UPDATE
54,0,373279      ,02025       ,0,0,0,0,0,0,0,0,0,0,0,0,0,0,0,0,0,22,5,8,5,3,1,0,0,0,0,0,0,0,0,0,0,0,PENDENTE_UPDATE
54,0,373279      ,07448       ,0,0,0,0,0,0,0,0,0,0,0,0,0,0,0,0,0,31,7,12,6,4,2,0,0,0,0,0,0,0,0,0,0,0,PENDENTE_UPDATE
54,0,373281      ,05052       ,0,0,0,0,0,0,0,0,0,0,0,0,0,0,0,0,0,31,7,12,6,4,2,0,0,0,0,0,0,0,0,0,0,0,PENDENTE_UPDATE
54,0,373281      ,07448       ,0,0,0,0,0,0,0,0,0,0,0,0,0,0,0,0,0,44,10,17,9,5,3,0,0,0,0,0,0,0,0,0,0,0,PENDENTE_UPDATE
54,0,373285      ,59557       ,0,0,0,0,0,0,0,0,0,0,0,0,0,0,0,0,0,48,10,18,10,7,3,0,0,0,0,0,0,0,0,0,0,0,PENDENTE_UPDATE
54,0,373286      ,07448       ,0,0,0,0,0,0,0,0,0,0,0,0,0,0,0,0,0,19,4,7,4,3,1,0,0,0,0,0,0,0,0,0,0,0,PENDENTE_UPDATE
54,0,373288      ,07448       ,0,0,0,0,0,0,0,0,0,0,0,0,0,0,0,0,0,43,9,16,9,6,3,0,0,0,0,0,0,0,0,0,0,0,PENDENTE_UPDATE
54,0,373291      ,07448       ,0,0,0,0,0,0,0,0,0,0,0,0,0,0,0,0,0,31,7,12,6,4,2,0,0,0,0,0,0,0,0,0,0,0,PENDENTE_UPDATE
54,0,373311      ,07448       ,0,0,0,0,0,0,0,0,0,0,0,0,0,0,0,0,0,43,9,16,9,6,3,0,0,0,0,0,0,0,0,0,0,0,PENDENTE_UPDATE
54,0,373311      ,11069       ,0,0,0,0,0,0,0,0,0,0,0,0,0,0,0,0,0,19,4,7,4,3,1,0,0,0,0,0,0,0,0,0,0,0,PENDENTE_UPDATE
54,0,373312      ,07039       ,0,0,0,0,0,0,0,0,0,0,0,0,0,0,0,0,0,25,6,11,5,2,1,0,0,0,0,0,0,0,0,0,0,0,PENDENTE_UPDATE
54,0,373312      ,07448       ,0,0,0,0,0,0,0,0,0,0,0,0,0,0,0,0,0,43,10,18,9,4,2,0,0,0,0,0,0,0,0,0,0,0,PENDENTE_UPDATE
54,0,373312      ,07847       ,0,0,0,0,0,0,0,0,0,0,0,0,0,0,0,0,0,13,3,5,3,1,1,0,0,0,0,0,0,0,0,0,0,0,PENDENTE_UPDATE
54,0,373314      ,07448       ,0,0,0,0,0,0,0,0,0,0,0,0,0,0,0,0,0,22,6,8,4,3,1,0,0,0,0,0,0,0,0,0,0,0,PENDENTE_UPDATE
54,0,373315      ,04097       ,0,0,0,0,0,0,0,0,0,0,0,0,0,0,0,0,0,19,4,6,4,3,2,0,0,0,0,0,0,0,0,0,0,0,PENDENTE_UPDATE
54,0,373404      ,0109        ,0,0,0,0,0,0,0,1,0,0,0,0,0,0,0,0,0,50,7,13,14,9,4,3,0,0,0,0,0,0,0,0,0,0,PENDENTE_UPDATE
54,0,373406      ,0109        ,0,6,0,0,1,1,0,0,0,0,0,0,0,0,0,0,0,79,21,34,14,7,3,0,0,0,0,0,0,0,0,0,0,0,PENDENTE_UPDATE
54,0,373407      ,0109        ,0,0,0,0,0,0,0,1,0,0,0,0,0,0,0,0,0,99,14,26,28,18,8,5,0,0,0,0,0,0,0,0,0,0,PENDENTE_UPDATE
54,0,373408      ,0109        ,0,0,0,0,0,0,0,0,0,0,0,0,0,0,0,0,0,55,5,12,16,12,6,4,0,0,0,0,0,0,0,0,0,0,PENDENTE_UPDATE
54,0,373409      ,0101        ,0,0,0,0,0,0,0,0,0,0,0,0,0,0,0,0,0,55,8,14,15,10,5,3,0,0,0,0,0,0,0,0,0,0,PENDENTE_UPDATE
54,0,373410      ,0101        ,0,0,0,0,0,0,0,0,0,0,0,0,0,0,0,0,0,49,4,10,15,11,6,3,0,0,0,0,0,0,0,0,0,0,PENDENTE_UPDATE
54,0,373420      ,0101        ,0,0,0,0,0,0,0,0,0,0,0,0,0,0,0,0,0,93,13,24,26,17,8,5,0,0,0,0,0,0,0,0,0,0,PENDENTE_UPDATE
54,0,373421      ,0101        ,0,0,0,0,0,0,0,0,0,0,0,0,0,0,0,0,0,49,4,10,15,11,6,3,0,0,0,0,0,0,0,0,0,0,PENDENTE_UPDATE
54,0,373423      ,0105        ,0,0,0,0,0,0,0,0,0,0,0,0,0,0,0,0,0,93,8,20,27,20,11,7,0,0,0,0,0,0,0,0,0,0,PENDENTE_UPDATE
54,0,373443      ,0109        ,0,0,0,0,0,1,0,0,0,0,0,0,0,0,0,0,0,28,7,11,4,3,3,0,0,0,0,0,0,0,0,0,0,0,PENDENTE_UPDATE
54,0,373445      ,0003        ,0,0,0,0,0,0,0,0,0,0,0,0,0,0,0,0,0,50,6,12,14,10,5,3,0,0,0,0,0,0,0,0,0,0,PENDENTE_UPDATE
54,0,373449      ,0101        ,0,0,0,0,0,0,0,0,0,0,0,0,0,0,0,0,0,93,8,20,27,20,11,7,0,0,0,0,0,0,0,0,0,0,PENDENTE_UPDATE
54,0,373450      ,0101        ,0,0,0,0,0,0,0,0,0,0,0,0,0,0,0,0,0,76,11,20,21,14,6,4,0,0,0,0,0,0,0,0,0,0,PENDENTE_UPDATE
54,0,373451      ,0105        ,0,0,0,0,0,0,0,0,0,0,0,0,0,0,0,0,0,81,7,17,24,18,9,6,0,0,0,0,0,0,0,0,0,0,PENDENTE_UPDATE
54,0,373839      ,59503       ,0,0,0,0,0,0,0,0,0,0,0,0,0,0,0,0,0,20,4,6,5,3,2,0,0,0,0,0,0,0,0,0,0,0,PENDENTE_UPDATE
54,0,373840      ,59503       ,0,0,0,0,0,0,0,0,0,0,0,0,0,0,0,0,0,18,4,7,4,2,1,0,0,0,0,0,0,0,0,0,0,0,PENDENTE_UPDATE
54,0,373841      ,59503       ,0,0,0,0,0,0,0,0,0,0,0,0,0,0,0,0,0,18,3,6,4,3,2,0,0,0,0,0,0,0,0,0,0,0,PENDENTE_UPDATE
54,0,373852      ,05052       ,0,0,0,0,0,0,1,0,0,0,0,0,0,0,0,0,0,34,5,9,9,6,3,2,0,0,0,0,0,0,0,0,0,0,PENDENTE_UPDATE
54,0,373857      ,0105        ,0,0,0,0,0,0,0,0,0,0,0,0,0,0,0,0,0,88,8,19,26,19,10,6,0,0,0,0,0,0,0,0,0,0,PENDENTE_UPDATE
54,0,373942      ,0013        ,0,0,0,0,0,0,0,0,0,0,0,0,0,0,0,0,0,40,9,15,8,5,3,0,0,0,0,0,0,0,0,0,0,0,PENDENTE_UPDATE
54,0,373943      ,07836       ,0,0,0,0,0,0,0,0,0,0,0,0,0,0,0,0,0,18,4,7,4,2,1,0,0,0,0,0,0,0,0,0,0,0,PENDENTE_UPDATE
54,0,373943      ,11069       ,0,0,0,0,0,0,0,0,0,0,0,0,0,0,0,0,0,26,6,10,5,3,2,0,0,0,0,0,0,0,0,0,0,0,PENDENTE_UPDATE
54,0,373943      ,5336        ,0,0,0,0,0,0,0,0,0,0,0,0,0,0,0,0,0,31,7,12,6,4,2,0,0,0,0,0,0,0,0,0,0,0,PENDENTE_UPDATE
54,0,373944      ,2276        ,0,0,0,0,0,0,0,0,0,0,0,0,0,0,0,0,0,15,3,6,3,2,1,0,0,0,0,0,0,0,0,0,0,0,PENDENTE_UPDATE
54,0,373968      ,0013        ,0,0,0,0,0,0,0,0,0,0,0,0,0,0,0,0,0,23,5,8,5,3,2,0,0,0,0,0,0,0,0,0,0,0,PENDENTE_UPDATE
54,0,373973      ,0013        ,0,0,0,0,0,0,0,0,0,0,0,0,0,0,0,0,0,25,4,9,6,4,2,0,0,0,0,0,0,0,0,0,0,0,PENDENTE_UPDATE
54,0,373982      ,59881       ,0,0,0,0,0,0,0,0,0,0,0,0,0,0,0,0,0,52,11,19,11,7,4,0,0,0,0,0,0,0,0,0,0,0,PENDENTE_UPDATE
54,0,374039      ,07448       ,0,0,0,0,0,0,0,0,0,0,0,0,0,0,0,0,0,25,6,11,5,2,1,0,0,0,0,0,0,0,0,0,0,0,PENDENTE_UPDATE
54,0,374064      ,59588       ,0,0,0,0,0,0,0,0,0,0,0,0,0,0,0,0,0,38,8,12,9,5,4,0,0,0,0,0,0,0,0,0,0,0,PENDENTE_UPDATE
54,0,374065      ,59588       ,0,3,0,4,2,1,0,0,0,0,0,0,0,0,0,0,0,16,3,6,4,2,1,0,0,0,0,0,0,0,0,0,0,0,PENDENTE_UPDATE
54,0,374066      ,59588       ,0,0,0,0,0,0,0,0,0,0,0,0,0,0,0,0,0,18,3,6,4,3,2,0,0,0,0,0,0,0,0,0,0,0,PENDENTE_UPDATE
54,0,374088      ,07448       ,0,0,0,0,0,0,0,0,0,0,0,0,0,0,0,0,0,28,6,10,6,4,2,0,0,0,0,0,0,0,0,0,0,0,PENDENTE_UPDATE
54,0,374090      ,2276        ,0,0,0,0,0,0,0,0,0,0,0,0,0,0,0,0,0,24,5,9,5,3,2,0,0,0,0,0,0,0,0,0,0,0,PENDENTE_UPDATE
54,0,374093      ,0026        ,0,0,0,0,0,2,0,0,0,0,0,0,0,0,0,0,0,31,7,12,6,4,2,0,0,0,0,0,0,0,0,0,0,0,PENDENTE_UPDATE
54,0,374096      ,0024        ,0,0,0,0,0,1,0,0,0,0,0,0,0,0,0,0,0,30,6,12,6,4,2,0,0,0,0,0,0,0,0,0,0,0,PENDENTE_UPDATE
54,0,374105      ,0024        ,0,0,0,0,0,0,0,0,0,0,0,0,0,0,0,0,0,26,5,10,5,4,2,0,0,0,0,0,0,0,0,0,0,0,PENDENTE_UPDATE
54,0,374157      ,07448       ,0,0,0,0,0,0,0,0,0,0,0,0,0,0,0,0,0,16,4,6,3,2,1,0,0,0,0,0,0,0,0,0,0,0,PENDENTE_UPDATE
54,0,374159      ,07448       ,0,0,0,0,0,2,0,0,0,0,0,0,0,0,0,0,0,45,10,17,8,7,3,0,0,0,0,0,0,0,0,0,0,0,PENDENTE_UPDATE
54,0,374191      ,59537       ,0,0,0,0,0,0,0,0,0,0,0,0,0,0,0,0,0,29,6,11,6,4,2,0,0,0,0,0,0,0,0,0,0,0,PENDENTE_UPDATE
54,0,374202      ,59459       ,0,0,0,0,0,0,0,0,0,0,0,0,0,0,0,0,0,49,10,18,11,6,4,0,0,0,0,0,0,0,0,0,0,0,PENDENTE_UPDATE
54,0,374208      ,59535       ,0,0,0,0,0,0,0,0,0,0,0,0,0,0,0,0,0,90,19,34,19,12,6,0,0,0,0,0,0,0,0,0,0,0,PENDENTE_UPDATE
54,0,374214      ,59556       ,0,0,0,0,0,0,0,0,0,0,0,0,0,0,0,0,0,48,10,18,10,7,3,0,0,0,0,0,0,0,0,0,0,0,PENDENTE_UPDATE
54,0,374215      ,0101        ,0,0,0,0,0,0,0,0,0,0,0,0,0,0,0,0,0,55,8,14,15,10,5,3,0,0,0,0,0,0,0,0,0,0,PENDENTE_UPDATE
54,0,374231      ,0013        ,0,0,0,0,0,0,0,0,0,0,0,0,0,0,0,0,0,22,5,7,5,3,2,0,0,0,0,0,0,0,0,0,0,0,PENDENTE_UPDATE
54,0,374233      ,51293       ,0,0,0,0,0,1,0,0,0,0,0,0,0,0,0,0,0,29,7,10,6,4,2,0,0,0,0,0,0,0,0,0,0,0,PENDENTE_UPDATE
54,0,374469      ,59556       ,0,0,0,0,0,7,0,0,0,0,0,0,0,0,0,0,0,114,21,38,26,17,12,0,0,0,0,0,0,0,0,0,0,0,PENDENTE_UPDATE
54,0,374471      ,59556       ,0,0,0,0,0,0,0,0,0,0,0,0,0,0,0,0,0,32,6,10,8,5,3,0,0,0,0,0,0,0,0,0,0,0,PENDENTE_UPDATE
54,0,374497      ,59473       ,0,0,0,0,0,0,0,0,0,0,0,0,0,0,0,0,0,18,3,6,4,3,2,0,0,0,0,0,0,0,0,0,0,0,PENDENTE_UPDATE
54,0,374498      ,59473       ,0,0,0,0,0,0,0,0,0,0,0,0,0,0,0,0,0,27,5,9,6,4,3,0,0,0,0,0,0,0,0,0,0,0,PENDENTE_UPDATE
54,0,374499      ,59473       ,0,0,0,0,0,0,0,0,0,0,0,0,0,0,0,0,0,22,4,8,5,3,2,0,0,0,0,0,0,0,0,0,0,0,PENDENTE_UPDATE
54,0,374502      ,59522       ,0,0,0,0,0,0,0,0,0,0,0,0,0,0,0,0,0,21,4,7,5,3,2,0,0,0,0,0,0,0,0,0,0,0,PENDENTE_UPDATE
54,0,374504      ,59520       ,0,0,0,0,0,0,0,0,0,0,0,0,0,0,0,0,0,24,5,8,6,3,2,0,0,0,0,0,0,0,0,0,0,0,PENDENTE_UPDATE
54,0,374535      ,59612       ,0,0,0,0,0,6,0,0,0,0,0,0,0,0,0,0,0,83,15,28,19,12,9,0,0,0,0,0,0,0,0,0,0,0,PENDENTE_UPDATE
54,0,374536      ,59489       ,0,0,0,0,0,0,0,0,0,0,0,0,0,0,0,0,0,25,5,8,6,4,2,0,0,0,0,0,0,0,0,0,0,0,PENDENTE_UPDATE
54,0,374537      ,59489       ,0,0,0,0,0,0,0,0,0,0,0,0,0,0,0,0,0,32,6,10,8,5,3,0,0,0,0,0,0,0,0,0,0,0,PENDENTE_UPDATE
54,0,374720      ,59570       ,0,0,0,0,0,0,0,0,0,0,0,0,0,0,0,0,0,29,6,10,7,4,2,0,0,0,0,0,0,0,0,0,0,0,PENDENTE_UPDATE
54,0,374758      ,59535       ,0,0,0,0,0,0,0,0,0,0,0,0,0,0,0,0,0,27,5,9,6,4,3,0,0,0,0,0,0,0,0,0,0,0,PENDENTE_UPDATE
54,0,374759      ,59611       ,0,0,0,0,0,0,0,0,0,0,0,0,0,0,0,0,0,24,5,8,6,3,2,0,0,0,0,0,0,0,0,0,0,0,PENDENTE_UPDATE
54,0,374830      ,61697       ,0,0,0,0,0,0,0,0,0,0,0,0,0,0,0,0,0,37,7,14,8,5,3,0,0,0,0,0,0,0,0,0,0,0,PENDENTE_UPDATE
54,0,374833      ,61697       ,0,0,0,0,0,0,0,0,0,0,0,0,0,0,0,0,0,36,8,13,8,4,3,0,0,0,0,0,0,0,0,0,0,0,PENDENTE_UPDATE
54,0,374850      ,59526       ,0,0,0,0,0,0,0,0,0,0,0,0,0,0,0,0,0,48,10,18,10,7,3,0,0,0,0,0,0,0,0,0,0,0,PENDENTE_UPDATE
54,0,374864      ,59521       ,0,0,0,0,0,0,0,0,0,0,0,0,0,0,0,0,0,29,5,10,7,4,3,0,0,0,0,0,0,0,0,0,0,0,PENDENTE_UPDATE
54,0,374908      ,59574       ,0,0,0,0,0,0,0,0,0,0,0,0,0,0,0,0,0,37,7,13,9,5,3,0,0,0,0,0,0,0,0,0,0,0,PENDENTE_UPDATE
54,0,374910      ,59566       ,0,0,0,0,0,0,0,0,0,0,0,0,0,0,0,0,0,16,3,6,4,2,1,0,0,0,0,0,0,0,0,0,0,0,PENDENTE_UPDATE
54,0,374918      ,59526       ,0,0,0,0,0,0,0,0,0,0,0,0,0,0,0,0,0,16,3,6,4,2,1,0,0,0,0,0,0,0,0,0,0,0,PENDENTE_UPDATE
54,0,374919      ,59526       ,0,0,0,0,0,0,0,0,0,0,0,0,0,0,0,0,0,18,3,6,4,3,2,0,0,0,0,0,0,0,0,0,0,0,PENDENTE_UPDATE
54,0,374931      ,59536       ,0,0,0,0,0,0,0,0,0,0,0,0,0,0,0,0,0,32,6,10,8,5,3,0,0,0,0,0,0,0,0,0,0,0,PENDENTE_UPDATE
54,0,374934      ,59536       ,0,0,0,0,0,1,0,0,0,0,0,0,0,0,0,0,0,14,3,5,3,2,1,0,0,0,0,0,0,0,0,0,0,0,PENDENTE_UPDATE
54,0,374952      ,59489       ,0,0,0,0,0,0,0,0,0,0,0,0,0,0,0,0,0,16,3,6,4,2,1,0,0,0,0,0,0,0,0,0,0,0,PENDENTE_UPDATE
54,0,374955      ,59559       ,0,0,0,0,0,0,0,0,0,0,0,0,0,0,0,0,0,27,5,9,6,4,3,0,0,0,0,0,0,0,0,0,0,0,PENDENTE_UPDATE
54,0,374956      ,59559       ,0,0,0,0,0,0,0,0,0,0,0,0,0,0,0,0,0,29,6,9,7,4,3,0,0,0,0,0,0,0,0,0,0,0,PENDENTE_UPDATE
54,0,374959      ,59559       ,0,0,0,0,0,0,0,0,0,0,0,0,0,0,0,0,0,16,3,6,4,2,1,0,0,0,0,0,0,0,0,0,0,0,PENDENTE_UPDATE
54,0,374960      ,59559       ,0,0,0,0,0,0,0,0,0,0,0,0,0,0,0,0,0,21,4,7,5,3,2,0,0,0,0,0,0,0,0,0,0,0,PENDENTE_UPDATE
54,0,374965      ,59552       ,0,0,0,0,0,0,0,0,0,0,0,0,0,0,0,0,0,19,4,6,4,3,2,0,0,0,0,0,0,0,0,0,0,0,PENDENTE_UPDATE
54,0,374975      ,59501       ,0,0,0,0,0,0,0,0,0,0,0,0,0,0,0,0,0,19,4,6,4,3,2,0,0,0,0,0,0,0,0,0,0,0,PENDENTE_UPDATE
54,0,374977      ,59555       ,0,0,0,0,0,4,0,0,0,0,0,0,0,0,0,0,0,101,19,34,23,15,10,0,0,0,0,0,0,0,0,0,0,0,PENDENTE_UPDATE
54,0,374978      ,59501       ,0,0,0,0,0,0,0,0,0,0,0,0,0,0,0,0,0,16,3,6,4,2,1,0,0,0,0,0,0,0,0,0,0,0,PENDENTE_UPDATE
54,0,374979      ,59501       ,0,0,0,0,0,0,0,0,0,0,0,0,0,0,0,0,0,22,4,7,5,4,2,0,0,0,0,0,0,0,0,0,0,0,PENDENTE_UPDATE
54,0,374995      ,0003        ,0,0,0,0,0,0,0,0,0,0,0,0,0,0,0,0,0,50,7,13,14,9,4,3,0,0,0,0,0,0,0,0,0,0,PENDENTE_UPDATE
54,0,374997      ,59497       ,0,0,0,0,0,1,0,0,0,0,0,0,0,0,0,0,0,27,5,9,6,4,3,0,0,0,0,0,0,0,0,0,0,0,PENDENTE_UPDATE
54,0,374999      ,55390       ,0,0,0,0,0,0,0,0,0,0,0,0,0,0,0,0,0,18,3,6,4,3,2,0,0,0,0,0,0,0,0,0,0,0,PENDENTE_UPDATE
54,0,375000      ,55390       ,0,0,0,0,0,0,0,0,0,0,0,0,0,0,0,0,0,29,6,9,7,4,3,0,0,0,0,0,0,0,0,0,0,0,PENDENTE_UPDATE
54,0,375001      ,55390       ,0,0,0,0,0,1,0,0,0,0,0,0,0,0,0,0,0,22,4,8,5,3,2,0,0,0,0,0,0,0,0,0,0,0,PENDENTE_UPDATE
54,0,375006      ,59476       ,0,0,0,0,0,1,0,0,0,0,0,0,0,0,0,0,0,100,18,34,23,15,10,0,0,0,0,0,0,0,0,0,0,0,PENDENTE_UPDATE
54,0,375008      ,59459       ,0,0,0,0,0,0,0,0,0,0,0,0,0,0,0,0,0,45,8,15,10,7,5,0,0,0,0,0,0,0,0,0,0,0,PENDENTE_UPDATE
54,0,375010      ,59460       ,0,0,0,0,0,0,0,0,0,0,0,0,0,0,0,0,0,31,6,10,7,5,3,0,0,0,0,0,0,0,0,0,0,0,PENDENTE_UPDATE
54,0,375012      ,59459       ,0,0,0,0,0,0,0,0,0,0,0,0,0,0,0,0,0,27,5,9,6,4,3,0,0,0,0,0,0,0,0,0,0,0,PENDENTE_UPDATE
54,0,375048      ,59560       ,0,0,0,0,0,0,0,0,0,0,0,0,0,0,0,0,0,27,5,9,6,4,3,0,0,0,0,0,0,0,0,0,0,0,PENDENTE_UPDATE
54,0,375049      ,59576       ,0,0,0,0,0,0,0,0,0,0,0,0,0,0,0,0,0,42,8,14,10,6,4,0,0,0,0,0,0,0,0,0,0,0,PENDENTE_UPDATE
54,0,375050      ,59576       ,0,0,0,0,0,0,0,0,0,0,0,0,0,0,0,0,0,26,5,9,6,4,2,0,0,0,0,0,0,0,0,0,0,0,PENDENTE_UPDATE
54,0,375052      ,59576       ,0,0,0,0,0,0,0,0,0,0,0,0,0,0,0,0,0,24,4,8,6,4,2,0,0,0,0,0,0,0,0,0,0,0,PENDENTE_UPDATE
54,0,375053      ,0109        ,0,0,0,0,0,0,0,0,0,0,0,0,0,0,0,0,0,22,2,5,6,5,2,2,0,0,0,0,0,0,0,0,0,0,PENDENTE_UPDATE
54,0,375075      ,0024        ,0,0,0,0,0,0,0,0,0,0,0,0,0,0,0,0,0,43,9,16,9,6,3,0,0,0,0,0,0,0,0,0,0,0,PENDENTE_UPDATE
54,0,375213      ,59500       ,0,0,0,0,0,0,0,0,0,0,0,0,0,0,0,0,0,101,21,33,22,15,10,0,0,0,0,0,0,0,0,0,0,0,PENDENTE_UPDATE
54,0,375214      ,07852       ,0,0,0,0,0,0,0,0,0,0,0,0,0,0,0,0,0,100,22,38,20,13,7,0,0,0,0,0,0,0,0,0,0,0,PENDENTE_UPDATE
54,0,375217      ,07546       ,0,0,0,0,0,0,0,0,0,0,0,0,0,0,0,0,0,83,18,31,17,11,6,0,0,0,0,0,0,0,0,0,0,0,PENDENTE_UPDATE
54,0,375224      ,59489       ,0,0,0,0,0,0,0,0,0,0,0,0,0,0,0,0,0,24,5,8,6,3,2,0,0,0,0,0,0,0,0,0,0,0,PENDENTE_UPDATE
54,0,375227      ,07448       ,0,0,0,0,0,0,0,0,0,0,0,0,0,0,0,0,0,123,27,46,25,16,9,0,0,0,0,0,0,0,0,0,0,0,PENDENTE_UPDATE
54,0,375233      ,7122        ,0,0,0,0,0,0,0,0,0,0,0,0,0,0,0,0,0,100,22,38,20,13,7,0,0,0,0,0,0,0,0,0,0,0,PENDENTE_UPDATE
54,0,375237      ,05052       ,0,0,0,0,0,0,0,0,0,0,0,0,0,0,0,0,0,83,18,31,17,11,6,0,0,0,0,0,0,0,0,0,0,0,PENDENTE_UPDATE
54,0,375242      ,07488       ,0,0,0,0,0,0,0,0,0,0,0,0,0,0,0,0,0,100,22,38,20,13,7,0,0,0,0,0,0,0,0,0,0,0,PENDENTE_UPDATE
54,0,375244      ,07836       ,0,0,0,0,0,0,0,0,0,0,0,0,0,0,0,0,0,100,22,38,20,13,7,0,0,0,0,0,0,0,0,0,0,0,PENDENTE_UPDATE
54,0,375247      ,07448       ,0,0,0,0,0,0,0,0,0,0,0,0,0,0,0,0,0,132,29,49,27,18,9,0,0,0,0,0,0,0,0,0,0,0,PENDENTE_UPDATE
54,0,375248      ,07448       ,0,0,0,0,0,0,0,0,0,0,0,0,0,0,0,0,0,100,22,38,20,13,7,0,0,0,0,0,0,0,0,0,0,0,PENDENTE_UPDATE
54,0,375253      ,07448       ,0,0,0,0,0,0,0,0,0,0,0,0,0,0,0,0,0,128,28,48,26,17,9,0,0,0,0,0,0,0,0,0,0,0,PENDENTE_UPDATE
54,0,375254      ,1566        ,0,0,0,0,0,0,0,0,0,0,0,0,0,0,0,0,0,100,22,38,20,13,7,0,0,0,0,0,0,0,0,0,0,0,PENDENTE_UPDATE
54,0,375257      ,07039       ,0,0,0,0,0,0,0,0,0,0,0,0,0,0,0,0,0,25,5,9,6,3,2,0,0,0,0,0,0,0,0,0,0,0,PENDENTE_UPDATE
54,0,375260      ,07039       ,0,0,0,0,0,0,0,0,0,0,0,0,0,0,0,0,0,100,22,38,20,13,7,0,0,0,0,0,0,0,0,0,0,0,PENDENTE_UPDATE
54,0,375273      ,07722       ,0,0,0,0,0,0,0,0,0,0,0,0,0,0,0,0,0,83,18,31,17,11,6,0,0,0,0,0,0,0,0,0,0,0,PENDENTE_UPDATE
54,0,375275      ,07448       ,0,0,0,0,0,0,0,0,0,0,0,0,0,0,0,0,0,100,22,38,20,13,7,0,0,0,0,0,0,0,0,0,0,0,PENDENTE_UPDATE
54,0,375276      ,8391        ,0,0,0,0,0,0,0,0,0,0,0,0,0,0,0,0,0,83,18,31,17,11,6,0,0,0,0,0,0,0,0,0,0,0,PENDENTE_UPDATE
54,0,375277      ,59566       ,0,0,0,0,0,0,0,0,0,0,0,0,0,0,0,0,0,70,14,23,15,11,7,0,0,0,0,0,0,0,0,0,0,0,PENDENTE_UPDATE
54,0,375278      ,11056       ,0,0,0,0,0,0,0,0,0,0,0,0,0,0,0,0,0,100,22,38,20,13,7,0,0,0,0,0,0,0,0,0,0,0,PENDENTE_UPDATE
54,0,375279      ,07448       ,0,0,0,0,0,0,0,0,0,0,0,0,0,0,0,0,0,100,22,38,20,13,7,0,0,0,0,0,0,0,0,0,0,0,PENDENTE_UPDATE
54,0,375284      ,07891       ,0,0,0,0,0,0,0,0,0,0,0,0,0,0,0,0,0,83,18,31,17,11,6,0,0,0,0,0,0,0,0,0,0,0,PENDENTE_UPDATE
54,0,375287      ,07546       ,0,0,0,0,0,0,0,0,0,0,0,0,0,0,0,0,0,99,22,37,20,13,7,0,0,0,0,0,0,0,0,0,0,0,PENDENTE_UPDATE
54,0,375290      ,07488       ,0,0,0,0,0,0,0,0,0,0,0,0,0,0,0,0,0,70,14,23,15,11,7,0,0,0,0,0,0,0,0,0,0,0,PENDENTE_UPDATE
54,0,375291      ,07820       ,0,0,0,0,0,0,0,0,0,0,0,0,0,0,0,0,0,59,13,22,12,8,4,0,0,0,0,0,0,0,0,0,0,0,PENDENTE_UPDATE
54,0,375305      ,07448       ,0,0,0,0,0,0,0,0,0,0,0,0,0,0,0,0,0,12,2,4,3,2,1,0,0,0,0,0,0,0,0,0,0,0,PENDENTE_UPDATE
54,0,375354      ,0024        ,0,0,0,0,0,0,0,0,0,0,0,0,0,0,0,0,0,23,5,8,5,3,2,0,0,0,0,0,0,0,0,0,0,0,PENDENTE_UPDATE
54,0,375364      ,07448       ,0,0,0,0,0,0,0,0,0,0,0,0,0,0,0,0,0,17,4,6,4,2,1,0,0,0,0,0,0,0,0,0,0,0,PENDENTE_UPDATE
54,0,375379      ,59499       ,0,0,0,0,0,0,0,0,0,0,0,0,0,0,0,0,0,31,6,10,7,5,3,0,0,0,0,0,0,0,0,0,0,0,PENDENTE_UPDATE
54,0,375389      ,11092       ,0,0,0,0,0,0,0,0,0,0,0,0,0,0,0,0,0,69,15,26,14,9,5,0,0,0,0,0,0,0,0,0,0,0,PENDENTE_UPDATE
54,0,375396      ,03328       ,0,0,0,0,0,0,0,0,0,0,0,0,0,0,0,0,0,33,5,8,9,6,3,2,0,0,0,0,0,0,0,0,0,0,PENDENTE_UPDATE
54,0,375399      ,0105        ,0,0,0,0,0,0,0,0,0,0,0,0,0,0,0,0,0,99,14,26,28,18,8,5,0,0,0,0,0,0,0,0,0,0,PENDENTE_UPDATE
54,0,375404      ,0101        ,0,0,0,0,0,0,0,0,0,0,0,0,0,0,0,0,0,51,13,20,7,6,5,0,0,0,0,0,0,0,0,0,0,0,PENDENTE_UPDATE
54,0,375470      ,0013        ,0,0,0,0,0,0,0,0,0,0,0,0,0,0,0,0,0,25,4,9,6,4,2,0,0,0,0,0,0,0,0,0,0,0,PENDENTE_UPDATE
54,0,375470      ,07448       ,0,0,0,0,0,0,0,0,0,0,0,0,0,0,0,0,0,28,5,10,7,4,2,0,0,0,0,0,0,0,0,0,0,0,PENDENTE_UPDATE
54,0,375524      ,0105        ,0,0,0,0,0,0,0,0,0,0,0,0,0,0,0,0,0,52,5,11,15,11,6,4,0,0,0,0,0,0,0,0,0,0,PENDENTE_UPDATE
54,0,375536      ,60572       ,0,0,0,0,0,0,0,0,0,0,0,0,0,0,0,0,0,14,3,5,3,2,1,0,0,0,0,0,0,0,0,0,0,0,PENDENTE_UPDATE
54,0,375541      ,60575       ,0,0,0,0,0,0,0,0,0,0,0,0,0,0,0,0,0,14,3,5,3,2,1,0,0,0,0,0,0,0,0,0,0,0,PENDENTE_UPDATE
54,0,375544      ,60578       ,0,0,0,0,0,0,0,0,0,0,0,0,0,0,0,0,0,18,3,6,4,3,2,0,0,0,0,0,0,0,0,0,0,0,PENDENTE_UPDATE
54,0,375553      ,07448       ,0,0,0,0,0,0,0,0,0,0,0,0,0,0,0,0,0,18,3,7,4,2,2,0,0,0,0,0,0,0,0,0,0,0,PENDENTE_UPDATE
54,0,375568      ,0109        ,0,0,0,0,0,4,0,0,0,0,0,0,0,0,0,0,0,51,13,20,7,6,5,0,0,0,0,0,0,0,0,0,0,0,PENDENTE_UPDATE
54,0,375676      ,60556       ,0,0,0,0,0,0,0,0,0,0,0,0,0,0,0,0,0,22,5,8,5,3,1,0,0,0,0,0,0,0,0,0,0,0,PENDENTE_UPDATE
54,0,375677      ,60556       ,0,0,0,0,0,0,0,0,0,0,0,0,0,0,0,0,0,24,5,9,5,3,2,0,0,0,0,0,0,0,0,0,0,0,PENDENTE_UPDATE
54,0,375699      ,59547       ,0,0,0,0,0,0,0,0,0,0,0,0,0,0,0,0,0,34,7,12,8,4,3,0,0,0,0,0,0,0,0,0,0,0,PENDENTE_UPDATE
54,0,375711      ,59557       ,0,0,0,0,0,0,0,0,0,0,0,0,0,0,0,0,0,27,5,9,6,4,3,0,0,0,0,0,0,0,0,0,0,0,PENDENTE_UPDATE
54,0,375712      ,59533       ,0,0,0,0,0,0,0,0,0,0,0,0,0,0,0,0,0,29,6,9,7,4,3,0,0,0,0,0,0,0,0,0,0,0,PENDENTE_UPDATE
54,0,375728      ,59534       ,0,0,0,0,0,0,0,0,0,0,0,0,0,0,0,0,0,29,5,10,7,4,3,0,0,0,0,0,0,0,0,0,0,0,PENDENTE_UPDATE
54,0,375729      ,59459       ,0,0,0,0,0,0,0,0,0,0,0,0,0,0,0,0,0,26,5,9,6,4,2,0,0,0,0,0,0,0,0,0,0,0,PENDENTE_UPDATE
54,0,375731      ,59558       ,0,0,0,0,0,0,0,0,0,0,0,0,0,0,0,0,0,34,7,11,8,5,3,0,0,0,0,0,0,0,0,0,0,0,PENDENTE_UPDATE
54,0,375736      ,59548       ,0,0,0,0,0,0,0,0,0,0,0,0,0,0,0,0,0,25,5,8,6,4,2,0,0,0,0,0,0,0,0,0,0,0,PENDENTE_UPDATE
54,0,375738      ,59476       ,0,0,0,0,0,0,0,0,0,0,0,0,0,0,0,0,0,12,2,4,3,2,1,0,0,0,0,0,0,0,0,0,0,0,PENDENTE_UPDATE
54,0,375742      ,59497       ,0,0,0,0,0,0,0,0,0,0,0,0,0,0,0,0,0,16,3,6,4,2,1,0,0,0,0,0,0,0,0,0,0,0,PENDENTE_UPDATE
54,0,375747      ,55390       ,0,0,0,0,0,0,0,0,0,0,0,0,0,0,0,0,0,24,5,8,6,3,2,0,0,0,0,0,0,0,0,0,0,0,PENDENTE_UPDATE
54,0,375749      ,59612       ,0,0,0,0,0,0,0,0,0,0,0,0,0,0,0,0,0,14,3,5,3,2,1,0,0,0,0,0,0,0,0,0,0,0,PENDENTE_UPDATE
54,0,375838      ,59599       ,0,0,0,0,0,0,0,0,0,0,0,0,0,0,0,0,0,130,27,42,28,20,13,0,0,0,0,0,0,0,0,0,0,0,PENDENTE_UPDATE
54,0,375851      ,0101        ,0,0,0,0,0,0,0,0,0,0,0,0,0,0,0,0,0,38,5,10,11,7,3,2,0,0,0,0,0,0,0,0,0,0,PENDENTE_UPDATE
54,0,376106      ,59608       ,0,0,0,0,0,0,0,0,0,0,0,0,0,0,0,0,0,29,6,11,6,4,2,0,0,0,0,0,0,0,0,0,0,0,PENDENTE_UPDATE
54,0,376128      ,59473       ,0,0,0,0,0,0,0,0,0,0,0,0,0,0,0,0,0,36,7,14,8,5,2,0,0,0,0,0,0,0,0,0,0,0,PENDENTE_UPDATE
54,0,376236      ,0013        ,0,0,0,0,0,0,0,0,0,0,0,0,0,0,0,0,0,39,8,13,9,6,3,0,0,0,0,0,0,0,0,0,0,0,PENDENTE_UPDATE
54,0,376236      ,07448       ,0,0,0,0,0,1,0,0,0,0,0,0,0,0,0,0,0,43,9,14,10,6,4,0,0,0,0,0,0,0,0,0,0,0,PENDENTE_UPDATE
54,0,376635      ,07448       ,0,0,0,0,0,0,0,0,0,0,0,0,0,0,0,0,0,59,13,22,12,8,4,0,0,0,0,0,0,0,0,0,0,0,PENDENTE_UPDATE
54,0,376637      ,10071       ,0,0,0,0,0,0,0,0,0,0,0,0,0,0,0,0,0,69,15,26,14,9,5,0,0,0,0,0,0,0,0,0,0,0,PENDENTE_UPDATE
54,0,378010      ,59559       ,0,0,0,0,0,0,0,0,0,0,0,0,0,0,0,0,0,18,4,7,4,2,1,0,0,0,0,0,0,0,0,0,0,0,PENDENTE_UPDATE
54,0,378106      ,0105        ,0,0,0,0,0,0,0,0,0,0,0,0,0,0,0,0,0,87,12,23,24,16,7,5,0,0,0,0,0,0,0,0,0,0,PENDENTE_UPDATE
54,0,378109      ,0003        ,0,0,0,0,0,0,0,0,0,0,0,0,0,0,0,0,0,35,4,9,10,7,3,2,0,0,0,0,0,0,0,0,0,0,PENDENTE_UPDATE
54,0,378112      ,0109        ,0,0,0,0,0,0,0,0,0,0,0,0,0,0,0,0,0,55,8,14,15,10,5,3,0,0,0,0,0,0,0,0,0,0,PENDENTE_UPDATE
54,0,378122      ,55452       ,0,0,0,0,0,0,0,0,0,0,0,0,0,0,0,0,0,17,4,6,4,2,1,0,0,0,0,0,0,0,0,0,0,0,PENDENTE_UPDATE
54,0,378143      ,59533       ,0,0,0,0,0,0,0,0,0,0,0,0,0,0,0,0,0,33,6,11,8,5,3,0,0,0,0,0,0,0,0,0,0,0,PENDENTE_UPDATE
54,0,378169      ,59566       ,0,0,0,0,0,0,0,0,0,0,0,0,0,0,0,0,0,16,3,6,4,2,1,0,0,0,0,0,0,0,0,0,0,0,PENDENTE_UPDATE
54,0,378170      ,59566       ,0,0,0,0,0,0,0,0,0,0,0,0,0,0,0,0,0,14,3,5,3,2,1,0,0,0,0,0,0,0,0,0,0,0,PENDENTE_UPDATE
54,0,378364      ,05024       ,0,0,0,0,0,0,0,0,0,0,0,0,0,0,0,0,0,19,5,7,4,2,1,0,0,0,0,0,0,0,0,0,0,0,PENDENTE_UPDATE
54,0,378364      ,07448       ,0,0,0,0,0,0,0,0,0,0,0,0,0,0,0,0,0,66,17,25,13,7,4,0,0,0,0,0,0,0,0,0,0,0,PENDENTE_UPDATE
54,0,378400      ,07742       ,0,0,0,0,0,0,0,0,0,0,0,0,0,0,0,0,0,19,4,8,4,2,1,0,0,0,0,0,0,0,0,0,0,0,PENDENTE_UPDATE
54,0,378401      ,07742       ,0,0,0,0,0,0,0,0,0,0,0,0,0,0,0,0,0,19,4,7,4,2,2,0,0,0,0,0,0,0,0,0,0,0,PENDENTE_UPDATE
54,0,378917      ,02542       ,0,0,0,0,0,0,0,0,0,0,0,0,0,0,0,0,0,26,5,10,5,4,2,0,0,0,0,0,0,0,0,0,0,0,PENDENTE_UPDATE
54,0,378930      ,2276        ,0,0,0,0,0,0,0,0,0,0,0,0,0,0,0,0,0,15,3,6,3,2,1,0,0,0,0,0,0,0,0,0,0,0,PENDENTE_UPDATE
54,0,378962      ,0026        ,0,0,0,0,0,0,0,0,0,0,0,0,0,0,0,0,0,13,3,4,3,2,1,0,0,0,0,0,0,0,0,0,0,0,PENDENTE_UPDATE
54,0,379024      ,0101        ,0,0,0,0,0,0,0,0,0,0,0,0,0,0,0,0,0,98,9,21,29,21,11,7,0,0,0,0,0,0,0,0,0,0,PENDENTE_UPDATE
54,0,379040      ,0101        ,0,0,0,0,0,0,0,0,0,0,0,0,0,0,0,0,0,99,14,26,28,18,8,5,0,0,0,0,0,0,0,0,0,0,PENDENTE_UPDATE
54,0,379122      ,59479       ,0,0,0,0,0,0,0,0,0,0,0,0,0,0,0,0,0,37,7,13,9,5,3,0,0,0,0,0,0,0,0,0,0,0,PENDENTE_UPDATE
54,0,379139      ,59600       ,0,0,0,0,0,0,0,0,0,0,0,0,0,0,0,0,0,22,4,8,5,3,2,0,0,0,0,0,0,0,0,0,0,0,PENDENTE_UPDATE
54,0,379160      ,04338       ,0,0,0,0,0,0,0,0,0,0,0,0,0,0,0,0,0,29,5,11,7,4,2,0,0,0,0,0,0,0,0,0,0,0,PENDENTE_UPDATE
54,0,379278      ,07448       ,0,0,0,0,0,0,0,0,0,0,0,0,0,0,0,0,0,26,5,9,6,4,2,0,0,0,0,0,0,0,0,0,0,0,PENDENTE_UPDATE
54,0,379280      ,59494       ,0,0,0,0,0,0,0,0,0,0,0,0,0,0,0,0,0,31,6,10,7,5,3,0,0,0,0,0,0,0,0,0,0,0,PENDENTE_UPDATE
54,0,379282      ,59460       ,23,5,7,6,3,2,0,0,0,0,0,0,0,0,0,0,0,24,5,8,6,3,2,0,0,0,0,0,0,0,0,0,0,0,PENDENTE_UPDATE
54,0,379318      ,07546       ,0,0,0,0,0,0,0,0,0,0,0,0,0,0,0,0,0,100,22,38,20,13,7,0,0,0,0,0,0,0,0,0,0,0,PENDENTE_UPDATE
54,0,379330      ,59489       ,0,0,0,0,0,0,0,0,0,0,0,0,0,0,0,0,0,75,14,25,17,11,8,0,0,0,0,0,0,0,0,0,0,0,PENDENTE_UPDATE
54,0,379331      ,07722       ,0,0,0,0,0,0,0,0,0,0,0,0,0,0,0,0,0,141,31,53,28,19,10,0,0,0,0,0,0,0,0,0,0,0,PENDENTE_UPDATE
54,0,379332      ,07742       ,0,0,0,0,0,0,0,0,0,0,0,0,0,0,0,0,0,114,25,43,23,15,8,0,0,0,0,0,0,0,0,0,0,0,PENDENTE_UPDATE
54,0,379335      ,07448       ,0,0,0,0,0,0,0,0,0,0,0,0,0,0,0,0,0,69,15,26,14,9,5,0,0,0,0,0,0,0,0,0,0,0,PENDENTE_UPDATE
54,0,379337      ,0206        ,0,0,0,0,0,0,0,0,0,0,0,0,0,0,0,0,0,119,26,45,24,16,8,0,0,0,0,0,0,0,0,0,0,0,PENDENTE_UPDATE
54,0,379361      ,0011        ,0,0,0,0,0,0,0,0,0,0,0,0,0,0,0,0,0,19,4,7,4,3,1,0,0,0,0,0,0,0,0,0,0,0,PENDENTE_UPDATE
54,0,379361      ,0024        ,0,0,0,0,0,0,0,0,0,0,0,0,0,0,0,0,0,21,4,8,4,3,2,0,0,0,0,0,0,0,0,0,0,0,PENDENTE_UPDATE
54,0,379362      ,0011        ,0,0,0,0,0,0,0,0,0,0,0,0,0,0,0,0,0,18,4,6,4,3,1,0,0,0,0,0,0,0,0,0,0,0,PENDENTE_UPDATE
54,0,379362      ,0024        ,0,0,0,0,0,0,0,0,0,0,0,0,0,0,0,0,0,23,5,8,5,3,2,0,0,0,0,0,0,0,0,0,0,0,PENDENTE_UPDATE
54,0,379368      ,59592       ,0,0,0,0,0,0,0,0,0,0,0,0,0,0,0,0,0,26,5,9,6,4,2,0,0,0,0,0,0,0,0,0,0,0,PENDENTE_UPDATE
54,0,379371      ,59503       ,0,0,0,0,0,0,0,0,0,0,0,0,0,0,0,0,0,9,2,3,2,1,1,0,0,0,0,0,0,0,0,0,0,0,PENDENTE_UPDATE
54,0,379435      ,59557       ,0,0,0,0,0,0,0,0,0,0,0,0,0,0,0,0,0,26,5,9,6,4,2,0,0,0,0,0,0,0,0,0,0,0,PENDENTE_UPDATE
54,0,379439      ,59474       ,0,0,0,0,0,3,0,0,0,0,0,0,0,0,0,0,0,56,13,22,12,6,3,0,0,0,0,0,0,0,0,0,0,0,PENDENTE_UPDATE
54,0,379884      ,59611       ,0,0,0,0,0,1,0,0,0,0,0,0,0,0,0,0,0,23,4,8,6,3,2,0,0,0,0,0,0,0,0,0,0,0,PENDENTE_UPDATE
54,0,379893      ,59614       ,0,0,0,0,0,2,0,0,0,0,0,0,0,0,0,0,0,43,8,15,10,6,4,0,0,0,0,0,0,0,0,0,0,0,PENDENTE_UPDATE
54,0,379918      ,59473       ,0,0,0,0,0,0,0,0,0,0,0,0,0,0,0,0,0,18,4,7,4,2,1,0,0,0,0,0,0,0,0,0,0,0,PENDENTE_UPDATE
54,0,379921      ,59555       ,0,0,0,0,0,1,0,0,0,0,0,0,0,0,0,0,0,43,8,15,10,6,4,0,0,0,0,0,0,0,0,0,0,0,PENDENTE_UPDATE
54,0,379948      ,59564       ,0,0,0,0,0,0,0,0,0,0,0,0,0,0,0,0,0,48,9,17,11,7,4,0,0,0,0,0,0,0,0,0,0,0,PENDENTE_UPDATE
54,0,380001      ,61672       ,0,0,0,0,0,0,0,0,0,0,0,0,0,0,0,0,0,39,8,15,8,5,3,0,0,0,0,0,0,0,0,0,0,0,PENDENTE_UPDATE
54,0,380002      ,61672       ,0,0,0,0,0,0,0,0,0,0,0,0,0,0,0,0,0,40,8,15,9,5,3,0,0,0,0,0,0,0,0,0,0,0,PENDENTE_UPDATE
54,0,380045      ,59612       ,0,0,0,0,0,1,0,0,0,0,0,0,0,0,0,0,0,37,7,13,9,5,3,0,0,0,0,0,0,0,0,0,0,0,PENDENTE_UPDATE
54,0,380102      ,07448       ,0,0,0,0,0,0,0,0,0,0,0,0,0,0,0,0,0,23,5,9,5,3,1,0,0,0,0,0,0,0,0,0,0,0,PENDENTE_UPDATE
54,0,380102      ,07742       ,0,0,0,0,0,0,0,0,0,0,0,0,0,0,0,0,0,29,6,11,6,4,2,0,0,0,0,0,0,0,0,0,0,0,PENDENTE_UPDATE
54,0,380117      ,2276        ,0,0,0,0,0,0,0,0,0,0,0,0,0,0,0,0,0,33,6,12,8,5,2,0,0,0,0,0,0,0,0,0,0,0,PENDENTE_UPDATE
54,0,385659      ,07448       ,54,12,20,11,7,4,0,0,0,0,0,0,0,0,0,0,0,54,12,20,11,7,4,0,0,0,0,0,0,0,0,0,0,0,INTEGRADO_JA_ESTAVA_OK
