ID_CAMPANHA,PRODUTO,COR_PRODUTO,status_pre,operacao,ESTOQUE,ES1,ES2,ES3,ES4,ES5,ES6,ES7,ES8,ES9,ES10,ES11,ES12,ES13,ES14,ES15,ES16,DT_EXCLUSAO,validacao_pos
54,367234      ,07742       ,PENDENTE_UPDATE,INTEGRADO_ATUALIZADO,0,0,0,0,0,1,0,0,0,0,0,0,0,0,0,0,0,,OK
54,367234      ,07748       ,PENDENTE_UPDATE,INTEGRADO_ATUALIZADO,0,0,0,0,0,1,0,0,0,0,0,0,0,0,0,0,0,,OK
54,367846      ,07448       ,PENDENTE_UPDATE,INTEGRADO_ATUALIZADO,0,0,0,0,0,0,0,0,0,0,0,0,0,0,0,0,0,,OK
54,367847      ,07448       ,PENDENTE_UPDATE,INTEGRADO_ATUALIZADO,0,0,0,0,0,0,0,0,0,0,0,0,0,0,0,0,0,,OK
54,368530      ,10066       ,PENDENTE_UPDATE,INTEGRADO_ATUALIZADO,0,0,0,0,0,0,0,0,0,0,0,0,0,0,0,0,0,,OK
54,368531      ,10066       ,PENDENTE_UPDATE,INTEGRADO_ATUALIZADO,0,0,0,0,0,1,0,0,0,0,0,0,0,0,0,0,0,,OK
54,368537      ,58302       ,PENDENTE_UPDATE,INTEGRADO_ATUALIZADO,0,0,0,0,0,0,0,0,0,0,0,0,0,0,0,0,0,,OK
54,371830      ,07742       ,PENDENTE_UPDATE,INTEGRADO_ATUALIZADO,0,0,0,0,0,0,0,0,0,0,0,0,0,0,0,0,0,,OK
54,371830      ,09269       ,PENDENTE_UPDATE,INTEGRADO_ATUALIZADO,0,0,0,0,0,0,0,0,0,0,0,0,0,0,0,0,0,,OK
54,371832      ,07448       ,PENDENTE_UPDATE,INTEGRADO_ATUALIZADO,0,0,0,0,0,0,0,0,0,0,0,0,0,0,0,0,0,,OK
54,371833      ,0013        ,PENDENTE_UPDATE,INTEGRADO_ATUALIZADO,0,0,0,0,0,0,0,0,0,0,0,0,0,0,0,0,0,,OK
54,371833      ,05052       ,PENDENTE_UPDATE,INTEGRADO_ATUALIZADO,0,0,0,0,0,0,0,0,0,0,0,0,0,0,0,0,0,,OK
54,371834      ,04097       ,PENDENTE_UPDATE,INTEGRADO_ATUALIZADO,0,0,0,0,0,0,0,0,0,0,0,0,0,0,0,0,0,,OK
54,371834      ,07448       ,PENDENTE_UPDATE,INTEGRADO_ATUALIZADO,0,0,0,0,0,0,0,0,0,0,0,0,0,0,0,0,0,,OK
54,371846      ,07448       ,PENDENTE_UPDATE,INTEGRADO_ATUALIZADO,0,0,0,0,0,0,0,0,0,0,0,0,0,0,0,0,0,,OK
54,371848      ,07448       ,PENDENTE_UPDATE,INTEGRADO_ATUALIZADO,0,0,0,0,0,0,0,0,0,0,0,0,0,0,0,0,0,,OK
54,371848      ,07742       ,PENDENTE_UPDATE,INTEGRADO_ATUALIZADO,0,0,0,0,0,0,0,0,0,0,0,0,0,0,0,0,0,,OK
54,371850      ,7122        ,PENDENTE_UPDATE,INTEGRADO_ATUALIZADO,0,0,0,0,0,0,0,0,0,0,0,0,0,0,0,0,0,,OK
54,371860      ,0013        ,PENDENTE_UPDATE,INTEGRADO_ATUALIZADO,0,0,0,0,0,0,0,0,0,0,0,0,0,0,0,0,0,,OK
54,371863      ,05024       ,PENDENTE_UPDATE,INTEGRADO_ATUALIZADO,0,0,0,0,0,0,0,0,0,0,0,0,0,0,0,0,0,,OK
54,371863      ,07742       ,PENDENTE_UPDATE,INTEGRADO_ATUALIZADO,0,0,0,0,0,0,0,0,0,0,0,0,0,0,0,0,0,,OK
54,371868      ,0013        ,PENDENTE_UPDATE,INTEGRADO_ATUALIZADO,0,0,0,0,0,0,0,0,0,0,0,0,0,0,0,0,0,,OK
54,371868      ,05024       ,PENDENTE_UPDATE,INTEGRADO_ATUALIZADO,0,0,0,0,0,0,0,0,0,0,0,0,0,0,0,0,0,,OK
54,371868      ,07836       ,PENDENTE_UPDATE,INTEGRADO_ATUALIZADO,0,0,0,0,0,0,0,0,0,0,0,0,0,0,0,0,0,,OK
54,371880      ,0013        ,PENDENTE_UPDATE,INTEGRADO_ATUALIZADO,0,0,0,0,0,0,0,0,0,0,0,0,0,0,0,0,0,,OK
54,371880      ,05024       ,PENDENTE_UPDATE,INTEGRADO_ATUALIZADO,0,0,0,0,0,0,0,0,0,0,0,0,0,0,0,0,0,,OK
54,371880      ,07836       ,PENDENTE_UPDATE,INTEGRADO_ATUALIZADO,0,0,0,0,0,0,0,0,0,0,0,0,0,0,0,0,0,,OK
54,372004      ,59467       ,PENDENTE_UPDATE,INTEGRADO_ATUALIZADO,0,0,0,0,0,0,0,0,0,0,0,0,0,0,0,0,0,,OK
54,372005      ,59467       ,PENDENTE_UPDATE,INTEGRADO_ATUALIZADO,0,0,0,0,0,0,0,0,0,0,0,0,0,0,0,0,0,,OK
54,372006      ,59467       ,PENDENTE_UPDATE,INTEGRADO_ATUALIZADO,0,0,0,0,0,0,0,0,0,0,0,0,0,0,0,0,0,,OK
54,372014      ,61665       ,PENDENTE_UPDATE,INTEGRADO_ATUALIZADO,0,0,0,0,0,0,0,0,0,0,0,0,0,0,0,0,0,,OK
54,372015      ,61665       ,PENDENTE_UPDATE,INTEGRADO_ATUALIZADO,0,0,0,0,0,0,0,0,0,0,0,0,0,0,0,0,0,,OK
54,372017      ,59547       ,PENDENTE_UPDATE,INTEGRADO_ATUALIZADO,0,0,0,0,0,0,0,0,0,0,0,0,0,0,0,0,0,,OK
54,372018      ,59547       ,PENDENTE_UPDATE,INTEGRADO_ATUALIZADO,0,0,0,0,0,0,0,0,0,0,0,0,0,0,0,0,0,,OK
54,372032      ,59602       ,PENDENTE_UPDATE,INTEGRADO_ATUALIZADO,0,0,0,0,0,0,0,0,0,0,0,0,0,0,0,0,0,,OK
54,372033      ,59602       ,PENDENTE_UPDATE,INTEGRADO_ATUALIZADO,0,0,0,0,0,0,0,0,0,0,0,0,0,0,0,0,0,,OK
54,372042      ,59614       ,PENDENTE_UPDATE,INTEGRADO_ATUALIZADO,0,0,0,0,0,1,0,0,0,0,0,0,0,0,0,0,0,,OK
54,372046      ,59554       ,PENDENTE_UPDATE,INTEGRADO_ATUALIZADO,0,0,0,0,0,0,0,0,0,0,0,0,0,0,0,0,0,,OK
54,372073      ,59557       ,PENDENTE_UPDATE,INTEGRADO_ATUALIZADO,0,0,0,0,0,0,0,0,0,0,0,0,0,0,0,0,0,,OK
54,372087      ,59557       ,PENDENTE_UPDATE,INTEGRADO_ATUALIZADO,0,0,0,0,0,0,0,0,0,0,0,0,0,0,0,0,0,,OK
54,372093      ,59481       ,PENDENTE_UPDATE,INTEGRADO_ATUALIZADO,0,0,0,0,0,0,0,0,0,0,0,0,0,0,0,0,0,,OK
54,372094      ,59481       ,PENDENTE_UPDATE,INTEGRADO_ATUALIZADO,0,0,0,0,0,0,0,0,0,0,0,0,0,0,0,0,0,,OK
54,372096      ,59593       ,PENDENTE_UPDATE,INTEGRADO_ATUALIZADO,0,0,0,0,0,0,0,0,0,0,0,0,0,0,0,0,0,,OK
54,372097      ,59591       ,PENDENTE_UPDATE,INTEGRADO_ATUALIZADO,0,0,0,0,0,0,0,0,0,0,0,0,0,0,0,0,0,,OK
54,372098      ,59593       ,PENDENTE_UPDATE,INTEGRADO_ATUALIZADO,0,0,0,0,0,0,0,0,0,0,0,0,0,0,0,0,0,,OK
54,372099      ,59593       ,PENDENTE_UPDATE,INTEGRADO_ATUALIZADO,0,0,0,0,0,0,0,0,0,0,0,0,0,0,0,0,0,,OK
54,372104      ,59548       ,PENDENTE_UPDATE,INTEGRADO_ATUALIZADO,0,0,0,0,0,0,0,0,0,0,0,0,0,0,0,0,0,,OK
54,372249      ,59474       ,PENDENTE_UPDATE,INTEGRADO_ATUALIZADO,0,0,0,0,0,0,0,0,0,0,0,0,0,0,0,0,0,,OK
54,372250      ,59481       ,PENDENTE_UPDATE,INTEGRADO_ATUALIZADO,0,0,0,0,0,0,0,0,0,0,0,0,0,0,0,0,0,,OK
54,372251      ,59481       ,PENDENTE_UPDATE,INTEGRADO_ATUALIZADO,0,0,0,0,0,0,0,0,0,0,0,0,0,0,0,0,0,,OK
54,372256      ,59670       ,PENDENTE_UPDATE,INTEGRADO_ATUALIZADO,0,0,0,0,0,0,0,0,0,0,0,0,0,0,0,0,0,,OK
54,372279      ,59473       ,PENDENTE_UPDATE,INTEGRADO_ATUALIZADO,0,0,0,0,0,0,0,0,0,0,0,0,0,0,0,0,0,,OK
54,372280      ,59476       ,PENDENTE_UPDATE,INTEGRADO_ATUALIZADO,0,0,0,0,0,0,0,0,0,0,0,0,0,0,0,0,0,,OK
54,372287      ,59498       ,PENDENTE_UPDATE,INTEGRADO_ATUALIZADO,0,0,0,0,0,0,0,0,0,0,0,0,0,0,0,0,0,,OK
54,372302      ,59709       ,PENDENTE_UPDATE,INTEGRADO_ATUALIZADO,0,0,0,0,0,0,0,0,0,0,0,0,0,0,0,0,0,,OK
54,372307      ,59498       ,PENDENTE_UPDATE,INTEGRADO_ATUALIZADO,0,0,0,0,0,0,0,0,0,0,0,0,0,0,0,0,0,,OK
54,372308      ,59721       ,PENDENTE_UPDATE,INTEGRADO_ATUALIZADO,0,0,0,0,0,0,0,0,0,0,0,0,0,0,0,0,0,,OK
54,372309      ,59721       ,PENDENTE_UPDATE,INTEGRADO_ATUALIZADO,0,0,0,0,0,0,0,0,0,0,0,0,0,0,0,0,0,,OK
54,372368      ,59548       ,PENDENTE_UPDATE,INTEGRADO_ATUALIZADO,0,0,0,0,0,0,0,0,0,0,0,0,0,0,0,0,0,,OK
54,372370      ,59547       ,PENDENTE_UPDATE,INTEGRADO_ATUALIZADO,0,0,0,0,0,0,0,0,0,0,0,0,0,0,0,0,0,,OK
54,372373      ,59498       ,PENDENTE_UPDATE,INTEGRADO_ATUALIZADO,0,0,0,0,0,0,0,0,0,0,0,0,0,0,0,0,0,,OK
54,372374      ,59576       ,PENDENTE_UPDATE,INTEGRADO_ATUALIZADO,0,0,0,0,0,0,0,0,0,0,0,0,0,0,0,0,0,,OK
54,372397      ,59574       ,PENDENTE_UPDATE,INTEGRADO_ATUALIZADO,0,0,0,0,0,0,0,0,0,0,0,0,0,0,0,0,0,,OK
54,372429      ,59591       ,PENDENTE_UPDATE,INTEGRADO_ATUALIZADO,0,0,0,0,0,0,0,0,0,0,0,0,0,0,0,0,0,,OK
54,372430      ,59537       ,PENDENTE_UPDATE,INTEGRADO_ATUALIZADO,0,0,0,0,0,0,0,0,0,0,0,0,0,0,0,0,0,,OK
54,372431      ,59548       ,PENDENTE_UPDATE,INTEGRADO_ATUALIZADO,0,0,0,0,0,0,0,0,0,0,0,0,0,0,0,0,0,,OK
54,372432      ,59548       ,PENDENTE_UPDATE,INTEGRADO_ATUALIZADO,0,0,0,0,0,0,0,0,0,0,0,0,0,0,0,0,0,,OK
54,372433      ,59547       ,PENDENTE_UPDATE,INTEGRADO_ATUALIZADO,0,0,0,0,0,0,0,0,0,0,0,0,0,0,0,0,0,,OK
54,372438      ,59516       ,PENDENTE_UPDATE,INTEGRADO_ATUALIZADO,0,0,0,0,0,0,0,0,0,0,0,0,0,0,0,0,0,,OK
54,372439      ,59498       ,PENDENTE_UPDATE,INTEGRADO_ATUALIZADO,0,0,0,0,0,0,0,0,0,0,0,0,0,0,0,0,0,,OK
54,372440      ,59498       ,PENDENTE_UPDATE,INTEGRADO_ATUALIZADO,0,0,0,0,0,0,0,0,0,0,0,0,0,0,0,0,0,,OK
54,372441      ,59498       ,PENDENTE_UPDATE,INTEGRADO_ATUALIZADO,0,0,0,0,0,0,0,0,0,0,0,0,0,0,0,0,0,,OK
54,372442      ,59498       ,PENDENTE_UPDATE,INTEGRADO_ATUALIZADO,0,0,0,0,0,0,0,0,0,0,0,0,0,0,0,0,0,,OK
54,372446      ,59534       ,PENDENTE_UPDATE,INTEGRADO_ATUALIZADO,0,0,0,0,0,0,0,0,0,0,0,0,0,0,0,0,0,,OK
54,372447      ,59560       ,PENDENTE_UPDATE,INTEGRADO_ATUALIZADO,0,0,0,0,0,0,0,0,0,0,0,0,0,0,0,0,0,,OK
54,372451      ,59535       ,PENDENTE_UPDATE,INTEGRADO_ATUALIZADO,0,0,0,0,0,0,0,0,0,0,0,0,0,0,0,0,0,,OK
54,372471      ,59533       ,PENDENTE_UPDATE,INTEGRADO_ATUALIZADO,0,0,0,0,0,0,0,0,0,0,0,0,0,0,0,0,0,,OK
54,372472      ,59533       ,PENDENTE_UPDATE,INTEGRADO_ATUALIZADO,0,0,0,0,0,0,0,0,0,0,0,0,0,0,0,0,0,,OK
54,372474      ,59536       ,PENDENTE_UPDATE,INTEGRADO_ATUALIZADO,0,0,0,0,0,0,0,0,0,0,0,0,0,0,0,0,0,,OK
54,372475      ,59587       ,PENDENTE_UPDATE,INTEGRADO_ATUALIZADO,0,0,0,0,0,0,0,0,0,0,0,0,0,0,0,0,0,,OK
54,372476      ,59587       ,PENDENTE_UPDATE,INTEGRADO_ATUALIZADO,0,0,0,0,0,0,0,0,0,0,0,0,0,0,0,0,0,,OK
54,372477      ,59587       ,PENDENTE_UPDATE,INTEGRADO_ATUALIZADO,0,0,0,0,0,0,0,0,0,0,0,0,0,0,0,0,0,,OK
54,372478      ,59587       ,PENDENTE_UPDATE,INTEGRADO_ATUALIZADO,0,0,0,0,0,0,0,0,0,0,0,0,0,0,0,0,0,,OK
54,372479      ,59525       ,PENDENTE_UPDATE,INTEGRADO_ATUALIZADO,0,0,0,0,0,0,0,0,0,0,0,0,0,0,0,0,0,,OK
54,372480      ,59497       ,PENDENTE_UPDATE,INTEGRADO_ATUALIZADO,0,0,0,0,0,0,0,0,0,0,0,0,0,0,0,0,0,,OK
54,372481      ,59497       ,PENDENTE_UPDATE,INTEGRADO_ATUALIZADO,0,0,0,0,0,0,0,0,0,0,0,0,0,0,0,0,0,,OK
54,372526      ,59555       ,PENDENTE_UPDATE,INTEGRADO_ATUALIZADO,0,0,0,0,0,0,0,0,0,0,0,0,0,0,0,0,0,,OK
54,372527      ,59555       ,PENDENTE_UPDATE,INTEGRADO_ATUALIZADO,0,0,0,0,0,0,0,0,0,0,0,0,0,0,0,0,0,,OK
54,372536      ,59592       ,PENDENTE_UPDATE,INTEGRADO_ATUALIZADO,0,0,0,0,0,0,0,0,0,0,0,0,0,0,0,0,0,,OK
54,372537      ,59479       ,PENDENTE_UPDATE,INTEGRADO_ATUALIZADO,0,0,0,0,0,3,0,0,0,0,0,0,0,0,0,0,0,,OK
54,372539      ,59479       ,PENDENTE_UPDATE,INTEGRADO_ATUALIZADO,0,0,0,0,0,0,0,0,0,0,0,0,0,0,0,0,0,,OK
54,372540      ,59479       ,PENDENTE_UPDATE,INTEGRADO_ATUALIZADO,0,0,0,0,0,0,0,0,0,0,0,0,0,0,0,0,0,,OK
54,372541      ,59479       ,PENDENTE_UPDATE,INTEGRADO_ATUALIZADO,0,0,0,0,0,2,0,0,0,0,0,0,0,0,0,0,0,,OK
54,372557      ,59499       ,PENDENTE_UPDATE,INTEGRADO_ATUALIZADO,0,0,0,0,0,0,0,0,0,0,0,0,0,0,0,0,0,,OK
54,372558      ,59499       ,PENDENTE_UPDATE,INTEGRADO_ATUALIZADO,0,0,0,0,0,0,0,0,0,0,0,0,0,0,0,0,0,,OK
54,372666      ,59574       ,PENDENTE_UPDATE,INTEGRADO_ATUALIZADO,0,0,0,0,0,0,0,0,0,0,0,0,0,0,0,0,0,,OK
54,372669      ,59474       ,PENDENTE_UPDATE,INTEGRADO_ATUALIZADO,0,0,0,0,0,0,0,0,0,0,0,0,0,0,0,0,0,,OK
54,372697      ,59500       ,PENDENTE_UPDATE,INTEGRADO_ATUALIZADO,0,0,0,0,0,0,0,0,0,0,0,0,0,0,0,0,0,,OK
54,372698      ,59500       ,PENDENTE_UPDATE,INTEGRADO_ATUALIZADO,0,0,0,0,0,0,0,0,0,0,0,0,0,0,0,0,0,,OK
54,372699      ,59500       ,PENDENTE_UPDATE,INTEGRADO_ATUALIZADO,0,0,0,0,0,0,0,0,0,0,0,0,0,0,0,0,0,,OK
54,372704      ,59594       ,PENDENTE_UPDATE,INTEGRADO_ATUALIZADO,0,0,0,0,0,2,0,0,0,0,0,0,0,0,0,0,0,,OK
54,372706      ,59594       ,PENDENTE_UPDATE,INTEGRADO_ATUALIZADO,0,0,0,0,0,0,0,0,0,0,0,0,0,0,0,0,0,,OK
54,372707      ,59594       ,PENDENTE_UPDATE,INTEGRADO_ATUALIZADO,0,0,0,0,0,0,0,0,0,0,0,0,0,0,0,0,0,,OK
54,372714      ,59612       ,PENDENTE_UPDATE,INTEGRADO_ATUALIZADO,0,0,0,0,0,0,0,0,0,0,0,0,0,0,0,0,0,,OK
54,372715      ,59612       ,PENDENTE_UPDATE,INTEGRADO_ATUALIZADO,0,0,0,0,0,0,0,0,0,0,0,0,0,0,0,0,0,,OK
54,372716      ,59612       ,PENDENTE_UPDATE,INTEGRADO_ATUALIZADO,0,0,0,0,0,0,0,0,0,0,0,0,0,0,0,0,0,,OK
54,372717      ,59612       ,PENDENTE_UPDATE,INTEGRADO_ATUALIZADO,0,0,0,0,0,0,0,0,0,0,0,0,0,0,0,0,0,,OK
54,372718      ,59612       ,PENDENTE_UPDATE,INTEGRADO_ATUALIZADO,0,0,0,0,0,0,0,0,0,0,0,0,0,0,0,0,0,,OK
54,372719      ,59612       ,PENDENTE_UPDATE,INTEGRADO_ATUALIZADO,0,0,0,0,0,0,0,0,0,0,0,0,0,0,0,0,0,,OK
54,372752      ,55453       ,PENDENTE_UPDATE,INTEGRADO_ATUALIZADO,0,0,0,0,0,0,0,0,0,0,0,0,0,0,0,0,0,,OK
54,372754      ,55454       ,PENDENTE_UPDATE,INTEGRADO_ATUALIZADO,0,0,0,0,0,1,0,0,0,0,0,0,0,0,0,0,0,,OK
54,372755      ,55453       ,PENDENTE_UPDATE,INTEGRADO_ATUALIZADO,0,0,0,0,0,0,0,0,0,0,0,0,0,0,0,0,0,,OK
54,372756      ,55453       ,PENDENTE_UPDATE,INTEGRADO_ATUALIZADO,0,0,0,0,0,0,0,0,0,0,0,0,0,0,0,0,0,,OK
54,372831      ,59481       ,PENDENTE_UPDATE,INTEGRADO_ATUALIZADO,0,0,0,0,0,0,0,0,0,0,0,0,0,0,0,0,0,,OK
54,372920      ,07448       ,PENDENTE_UPDATE,INTEGRADO_ATUALIZADO,15,7,0,6,4,2,0,0,0,0,0,0,0,0,0,0,0,,OK
54,372922      ,07448       ,PENDENTE_UPDATE,INTEGRADO_ATUALIZADO,0,0,0,0,0,0,0,0,0,0,0,0,0,0,0,0,0,,OK
54,372923      ,07448       ,PENDENTE_UPDATE,INTEGRADO_ATUALIZADO,0,0,0,0,0,0,0,0,0,0,0,0,0,0,0,0,0,,OK
54,372927      ,07742       ,PENDENTE_UPDATE,INTEGRADO_ATUALIZADO,0,0,0,0,0,0,0,0,0,0,0,0,0,0,0,0,0,,OK
54,372928      ,07448       ,PENDENTE_UPDATE,INTEGRADO_ATUALIZADO,0,0,0,0,0,0,0,0,0,0,0,0,0,0,0,0,0,,OK
54,372931      ,07742       ,PENDENTE_UPDATE,INTEGRADO_ATUALIZADO,0,0,0,0,0,1,0,0,0,0,0,0,0,0,0,0,0,,OK
54,372932      ,05052       ,PENDENTE_UPDATE,INTEGRADO_ATUALIZADO,0,0,0,0,0,0,0,0,0,0,0,0,0,0,0,0,0,,OK
54,372936      ,07448       ,PENDENTE_UPDATE,INTEGRADO_ATUALIZADO,0,0,0,0,0,0,0,0,0,0,0,0,0,0,0,0,0,,OK
54,372938      ,07448       ,PENDENTE_UPDATE,INTEGRADO_ATUALIZADO,0,0,0,0,0,1,0,0,0,0,0,0,0,0,0,0,0,,OK
54,372981      ,59498       ,PENDENTE_UPDATE,INTEGRADO_ATUALIZADO,0,0,0,0,0,0,0,0,0,0,0,0,0,0,0,0,0,,OK
54,372988      ,59534       ,PENDENTE_UPDATE,INTEGRADO_ATUALIZADO,0,0,0,0,0,0,0,0,0,0,0,0,0,0,0,0,0,,OK
54,372989      ,59534       ,PENDENTE_UPDATE,INTEGRADO_ATUALIZADO,0,0,0,0,0,0,0,0,0,0,0,0,0,0,0,0,0,,OK
54,373022      ,59500       ,PENDENTE_UPDATE,INTEGRADO_ATUALIZADO,0,0,0,0,0,0,0,0,0,0,0,0,0,0,0,0,0,,OK
54,373028      ,59504       ,PENDENTE_UPDATE,INTEGRADO_ATUALIZADO,0,0,0,0,0,0,0,0,0,0,0,0,0,0,0,0,0,,OK
54,373053      ,59564       ,PENDENTE_UPDATE,INTEGRADO_ATUALIZADO,0,0,0,0,0,0,0,0,0,0,0,0,0,0,0,0,0,,OK
54,373054      ,60045       ,PENDENTE_UPDATE,INTEGRADO_ATUALIZADO,0,0,0,0,0,0,0,0,0,0,0,0,0,0,0,0,0,,OK
54,373056      ,59564       ,PENDENTE_UPDATE,INTEGRADO_ATUALIZADO,0,0,0,0,0,0,0,0,0,0,0,0,0,0,0,0,0,,OK
54,373078      ,59567       ,PENDENTE_UPDATE,INTEGRADO_ATUALIZADO,0,0,0,0,0,0,0,0,0,0,0,0,0,0,0,0,0,,OK
54,373079      ,59567       ,PENDENTE_UPDATE,INTEGRADO_ATUALIZADO,0,0,0,0,0,0,0,0,0,0,0,0,0,0,0,0,0,,OK
54,373080      ,59567       ,PENDENTE_UPDATE,INTEGRADO_ATUALIZADO,0,0,0,0,0,0,0,0,0,0,0,0,0,0,0,0,0,,OK
54,373081      ,59567       ,PENDENTE_UPDATE,INTEGRADO_ATUALIZADO,0,0,0,0,0,0,0,0,0,0,0,0,0,0,0,0,0,,OK
54,373084      ,59504       ,PENDENTE_UPDATE,INTEGRADO_ATUALIZADO,0,0,0,0,0,0,0,0,0,0,0,0,0,0,0,0,0,,OK
54,373085      ,59504       ,PENDENTE_UPDATE,INTEGRADO_ATUALIZADO,0,0,0,0,0,0,0,0,0,0,0,0,0,0,0,0,0,,OK
54,373086      ,59504       ,PENDENTE_UPDATE,INTEGRADO_ATUALIZADO,0,0,0,0,0,0,0,0,0,0,0,0,0,0,0,0,0,,OK
54,373087      ,59538       ,PENDENTE_UPDATE,INTEGRADO_ATUALIZADO,0,0,0,0,0,0,0,0,0,0,0,0,0,0,0,0,0,,OK
54,373088      ,59538       ,PENDENTE_UPDATE,INTEGRADO_ATUALIZADO,0,0,0,0,0,0,0,0,0,0,0,0,0,0,0,0,0,,OK
54,373090      ,59538       ,PENDENTE_UPDATE,INTEGRADO_ATUALIZADO,0,0,0,0,0,0,0,0,0,0,0,0,0,0,0,0,0,,OK
54,373091      ,59538       ,PENDENTE_UPDATE,INTEGRADO_ATUALIZADO,0,0,0,0,0,0,0,0,0,0,0,0,0,0,0,0,0,,OK
54,373092      ,59599       ,PENDENTE_UPDATE,INTEGRADO_ATUALIZADO,0,0,0,0,0,0,0,0,0,0,0,0,0,0,0,0,0,,OK
54,373093      ,59599       ,PENDENTE_UPDATE,INTEGRADO_ATUALIZADO,0,0,0,0,0,0,0,0,0,0,0,0,0,0,0,0,0,,OK
54,373094      ,59599       ,PENDENTE_UPDATE,INTEGRADO_ATUALIZADO,0,0,0,0,0,0,0,0,0,0,0,0,0,0,0,0,0,,OK
54,373096      ,59599       ,PENDENTE_UPDATE,INTEGRADO_ATUALIZADO,0,0,0,0,0,1,0,0,0,0,0,0,0,0,0,0,0,,OK
54,373098      ,59600       ,PENDENTE_UPDATE,INTEGRADO_ATUALIZADO,0,0,0,0,0,0,0,0,0,0,0,0,0,0,0,0,0,,OK
54,373099      ,59600       ,PENDENTE_UPDATE,INTEGRADO_ATUALIZADO,0,0,0,0,0,0,0,0,0,0,0,0,0,0,0,0,0,,OK
54,373108      ,59463       ,PENDENTE_UPDATE,INTEGRADO_ATUALIZADO,0,0,0,0,0,0,0,0,0,0,0,0,0,0,0,0,0,,OK
54,373109      ,59463       ,PENDENTE_UPDATE,INTEGRADO_ATUALIZADO,0,0,0,0,0,0,0,0,0,0,0,0,0,0,0,0,0,,OK
54,373110      ,59463       ,PENDENTE_UPDATE,INTEGRADO_ATUALIZADO,0,0,0,0,0,0,0,0,0,0,0,0,0,0,0,0,0,,OK
54,373111      ,59463       ,PENDENTE_UPDATE,INTEGRADO_ATUALIZADO,0,0,0,0,0,0,0,0,0,0,0,0,0,0,0,0,0,,OK
54,373113      ,59524       ,PENDENTE_UPDATE,INTEGRADO_ATUALIZADO,0,0,0,0,0,0,0,0,0,0,0,0,0,0,0,0,0,,OK
54,373114      ,59524       ,PENDENTE_UPDATE,INTEGRADO_ATUALIZADO,0,0,0,0,0,0,0,0,0,0,0,0,0,0,0,0,0,,OK
54,373116      ,59524       ,PENDENTE_UPDATE,INTEGRADO_ATUALIZADO,0,0,0,0,0,0,0,0,0,0,0,0,0,0,0,0,0,,OK
54,373117      ,59524       ,PENDENTE_UPDATE,INTEGRADO_ATUALIZADO,0,0,0,0,0,0,0,0,0,0,0,0,0,0,0,0,0,,OK
54,373142      ,59594       ,PENDENTE_UPDATE,INTEGRADO_ATUALIZADO,0,0,0,0,0,0,0,0,0,0,0,0,0,0,0,0,0,,OK
54,373170      ,59481       ,PENDENTE_UPDATE,INTEGRADO_ATUALIZADO,0,0,0,0,0,0,0,0,0,0,0,0,0,0,0,0,0,,OK
54,373184      ,05024       ,PENDENTE_UPDATE,INTEGRADO_ATUALIZADO,0,0,0,0,0,0,0,0,0,0,0,0,0,0,0,0,0,,OK
54,373184      ,07448       ,PENDENTE_UPDATE,INTEGRADO_ATUALIZADO,0,0,0,0,0,0,0,0,0,0,0,0,0,0,0,0,0,,OK
54,373199      ,07742       ,PENDENTE_UPDATE,INTEGRADO_ATUALIZADO,0,0,0,0,0,0,0,0,0,0,0,0,0,0,0,0,0,,OK
54,373202      ,05024       ,PENDENTE_UPDATE,INTEGRADO_ATUALIZADO,0,0,0,0,0,0,0,0,0,0,0,0,0,0,0,0,0,,OK
54,373203      ,2276        ,PENDENTE_UPDATE,INTEGRADO_ATUALIZADO,0,0,0,0,0,0,0,0,0,0,0,0,0,0,0,0,0,,OK
54,373206      ,0105        ,PENDENTE_UPDATE,INTEGRADO_ATUALIZADO,0,0,0,0,0,1,0,0,0,0,0,0,0,0,0,0,0,,OK
54,373207      ,0105        ,PENDENTE_UPDATE,INTEGRADO_ATUALIZADO,0,0,0,0,0,0,0,1,0,0,0,0,0,0,0,0,0,,OK
54,373218      ,2276        ,PENDENTE_UPDATE,INTEGRADO_ATUALIZADO,0,0,0,0,0,0,0,0,0,0,0,0,0,0,0,0,0,,OK
54,373236      ,2276        ,PENDENTE_UPDATE,INTEGRADO_ATUALIZADO,0,0,0,0,0,0,0,0,0,0,0,0,0,0,0,0,0,,OK
54,373279      ,02025       ,PENDENTE_UPDATE,INTEGRADO_ATUALIZADO,0,0,0,0,0,0,0,0,0,0,0,0,0,0,0,0,0,,OK
54,373279      ,07448       ,PENDENTE_UPDATE,INTEGRADO_ATUALIZADO,0,0,0,0,0,0,0,0,0,0,0,0,0,0,0,0,0,,OK
54,373281      ,05052       ,PENDENTE_UPDATE,INTEGRADO_ATUALIZADO,0,0,0,0,0,0,0,0,0,0,0,0,0,0,0,0,0,,OK
54,373281      ,07448       ,PENDENTE_UPDATE,INTEGRADO_ATUALIZADO,0,0,0,0,0,0,0,0,0,0,0,0,0,0,0,0,0,,OK
54,373285      ,59557       ,PENDENTE_UPDATE,INTEGRADO_ATUALIZADO,0,0,0,0,0,0,0,0,0,0,0,0,0,0,0,0,0,,OK
54,373286      ,07448       ,PENDENTE_UPDATE,INTEGRADO_ATUALIZADO,0,0,0,0,0,0,0,0,0,0,0,0,0,0,0,0,0,,OK
54,373288      ,07448       ,PENDENTE_UPDATE,INTEGRADO_ATUALIZADO,0,0,0,0,0,0,0,0,0,0,0,0,0,0,0,0,0,,OK
54,373291      ,07448       ,PENDENTE_UPDATE,INTEGRADO_ATUALIZADO,0,0,0,0,0,0,0,0,0,0,0,0,0,0,0,0,0,,OK
54,373311      ,07448       ,PENDENTE_UPDATE,INTEGRADO_ATUALIZADO,0,0,0,0,0,0,0,0,0,0,0,0,0,0,0,0,0,,OK
54,373311      ,11069       ,PENDENTE_UPDATE,INTEGRADO_ATUALIZADO,0,0,0,0,0,0,0,0,0,0,0,0,0,0,0,0,0,,OK
54,373312      ,07039       ,PENDENTE_UPDATE,INTEGRADO_ATUALIZADO,0,0,0,0,0,0,0,0,0,0,0,0,0,0,0,0,0,,OK
54,373312      ,07448       ,PENDENTE_UPDATE,INTEGRADO_ATUALIZADO,0,0,0,0,0,0,0,0,0,0,0,0,0,0,0,0,0,,OK
54,373312      ,07847       ,PENDENTE_UPDATE,INTEGRADO_ATUALIZADO,0,0,0,0,0,0,0,0,0,0,0,0,0,0,0,0,0,,OK
54,373314      ,07448       ,PENDENTE_UPDATE,INTEGRADO_ATUALIZADO,0,0,0,0,0,0,0,0,0,0,0,0,0,0,0,0,0,,OK
54,373315      ,04097       ,PENDENTE_UPDATE,INTEGRADO_ATUALIZADO,0,0,0,0,0,0,0,0,0,0,0,0,0,0,0,0,0,,OK
54,373404      ,0109        ,PENDENTE_UPDATE,INTEGRADO_ATUALIZADO,0,0,0,0,0,0,0,1,0,0,0,0,0,0,0,0,0,,OK
54,373406      ,0109        ,PENDENTE_UPDATE,INTEGRADO_ATUALIZADO,0,6,0,0,1,1,0,0,0,0,0,0,0,0,0,0,0,,OK
54,373407      ,0109        ,PENDENTE_UPDATE,INTEGRADO_ATUALIZADO,0,0,0,0,0,0,0,1,0,0,0,0,0,0,0,0,0,,OK
54,373408      ,0109        ,PENDENTE_UPDATE,INTEGRADO_ATUALIZADO,0,0,0,0,0,0,0,0,0,0,0,0,0,0,0,0,0,,OK
54,373409      ,0101        ,PENDENTE_UPDATE,INTEGRADO_ATUALIZADO,0,0,0,0,0,0,0,0,0,0,0,0,0,0,0,0,0,,OK
54,373410      ,0101        ,PENDENTE_UPDATE,INTEGRADO_ATUALIZADO,0,0,0,0,0,0,0,0,0,0,0,0,0,0,0,0,0,,OK
54,373420      ,0101        ,PENDENTE_UPDATE,INTEGRADO_ATUALIZADO,0,0,0,0,0,0,0,0,0,0,0,0,0,0,0,0,0,,OK
54,373421      ,0101        ,PENDENTE_UPDATE,INTEGRADO_ATUALIZADO,0,0,0,0,0,0,0,0,0,0,0,0,0,0,0,0,0,,OK
54,373423      ,0105        ,PENDENTE_UPDATE,INTEGRADO_ATUALIZADO,0,0,0,0,0,0,0,0,0,0,0,0,0,0,0,0,0,,OK
54,373443      ,0109        ,PENDENTE_UPDATE,INTEGRADO_ATUALIZADO,0,0,0,0,0,1,0,0,0,0,0,0,0,0,0,0,0,,OK
54,373445      ,0003        ,PENDENTE_UPDATE,INTEGRADO_ATUALIZADO,0,0,0,0,0,0,0,0,0,0,0,0,0,0,0,0,0,,OK
54,373449      ,0101        ,PENDENTE_UPDATE,INTEGRADO_ATUALIZADO,0,0,0,0,0,0,0,0,0,0,0,0,0,0,0,0,0,,OK
54,373450      ,0101        ,PENDENTE_UPDATE,INTEGRADO_ATUALIZADO,0,0,0,0,0,0,0,0,0,0,0,0,0,0,0,0,0,,OK
54,373451      ,0105        ,PENDENTE_UPDATE,INTEGRADO_ATUALIZADO,0,0,0,0,0,0,0,0,0,0,0,0,0,0,0,0,0,,OK
54,373839      ,59503       ,PENDENTE_UPDATE,INTEGRADO_ATUALIZADO,0,0,0,0,0,0,0,0,0,0,0,0,0,0,0,0,0,,OK
54,373840      ,59503       ,PENDENTE_UPDATE,INTEGRADO_ATUALIZADO,0,0,0,0,0,0,0,0,0,0,0,0,0,0,0,0,0,,OK
54,373841      ,59503       ,PENDENTE_UPDATE,INTEGRADO_ATUALIZADO,0,0,0,0,0,0,0,0,0,0,0,0,0,0,0,0,0,,OK
54,373852      ,05052       ,PENDENTE_UPDATE,INTEGRADO_ATUALIZADO,0,0,0,0,0,0,1,0,0,0,0,0,0,0,0,0,0,,OK
54,373857      ,0105        ,PENDENTE_UPDATE,INTEGRADO_ATUALIZADO,0,0,0,0,0,0,0,0,0,0,0,0,0,0,0,0,0,,OK
54,373942      ,0013        ,PENDENTE_UPDATE,INTEGRADO_ATUALIZADO,0,0,0,0,0,0,0,0,0,0,0,0,0,0,0,0,0,,OK
54,373943      ,07836       ,PENDENTE_UPDATE,INTEGRADO_ATUALIZADO,0,0,0,0,0,0,0,0,0,0,0,0,0,0,0,0,0,,OK
54,373943      ,11069       ,PENDENTE_UPDATE,INTEGRADO_ATUALIZADO,0,0,0,0,0,0,0,0,0,0,0,0,0,0,0,0,0,,OK
54,373943      ,5336        ,PENDENTE_UPDATE,INTEGRADO_ATUALIZADO,0,0,0,0,0,0,0,0,0,0,0,0,0,0,0,0,0,,OK
54,373944      ,2276        ,PENDENTE_UPDATE,INTEGRADO_ATUALIZADO,0,0,0,0,0,0,0,0,0,0,0,0,0,0,0,0,0,,OK
54,373968      ,0013        ,PENDENTE_UPDATE,INTEGRADO_ATUALIZADO,0,0,0,0,0,0,0,0,0,0,0,0,0,0,0,0,0,,OK
54,373973      ,0013        ,PENDENTE_UPDATE,INTEGRADO_ATUALIZADO,0,0,0,0,0,0,0,0,0,0,0,0,0,0,0,0,0,,OK
54,373982      ,59881       ,PENDENTE_UPDATE,INTEGRADO_ATUALIZADO,0,0,0,0,0,0,0,0,0,0,0,0,0,0,0,0,0,,OK
54,374039      ,07448       ,PENDENTE_UPDATE,INTEGRADO_ATUALIZADO,0,0,0,0,0,0,0,0,0,0,0,0,0,0,0,0,0,,OK
54,374064      ,59588       ,PENDENTE_UPDATE,INTEGRADO_ATUALIZADO,0,0,0,0,0,0,0,0,0,0,0,0,0,0,0,0,0,,OK
54,374065      ,59588       ,PENDENTE_UPDATE,INTEGRADO_ATUALIZADO,0,3,0,4,2,1,0,0,0,0,0,0,0,0,0,0,0,,OK
54,374066      ,59588       ,PENDENTE_UPDATE,INTEGRADO_ATUALIZADO,0,0,0,0,0,0,0,0,0,0,0,0,0,0,0,0,0,,OK
54,374088      ,07448       ,PENDENTE_UPDATE,INTEGRADO_ATUALIZADO,0,0,0,0,0,0,0,0,0,0,0,0,0,0,0,0,0,,OK
54,374090      ,2276        ,PENDENTE_UPDATE,INTEGRADO_ATUALIZADO,0,0,0,0,0,0,0,0,0,0,0,0,0,0,0,0,0,,OK
54,374093      ,0026        ,PENDENTE_UPDATE,INTEGRADO_ATUALIZADO,0,0,0,0,0,2,0,0,0,0,0,0,0,0,0,0,0,,OK
54,374096      ,0024        ,PENDENTE_UPDATE,INTEGRADO_ATUALIZADO,0,0,0,0,0,1,0,0,0,0,0,0,0,0,0,0,0,,OK
54,374105      ,0024        ,PENDENTE_UPDATE,INTEGRADO_ATUALIZADO,0,0,0,0,0,0,0,0,0,0,0,0,0,0,0,0,0,,OK
54,374157      ,07448       ,PENDENTE_UPDATE,INTEGRADO_ATUALIZADO,0,0,0,0,0,0,0,0,0,0,0,0,0,0,0,0,0,,OK
54,374159      ,07448       ,PENDENTE_UPDATE,INTEGRADO_ATUALIZADO,0,0,0,0,0,2,0,0,0,0,0,0,0,0,0,0,0,,OK
54,374191      ,59537       ,PENDENTE_UPDATE,INTEGRADO_ATUALIZADO,0,0,0,0,0,0,0,0,0,0,0,0,0,0,0,0,0,,OK
54,374202      ,59459       ,PENDENTE_UPDATE,INTEGRADO_ATUALIZADO,0,0,0,0,0,0,0,0,0,0,0,0,0,0,0,0,0,,OK
54,374208      ,59535       ,PENDENTE_UPDATE,INTEGRADO_ATUALIZADO,0,0,0,0,0,0,0,0,0,0,0,0,0,0,0,0,0,,OK
54,374214      ,59556       ,PENDENTE_UPDATE,INTEGRADO_ATUALIZADO,0,0,0,0,0,0,0,0,0,0,0,0,0,0,0,0,0,,OK
54,374215      ,0101        ,PENDENTE_UPDATE,INTEGRADO_ATUALIZADO,0,0,0,0,0,0,0,0,0,0,0,0,0,0,0,0,0,,OK
54,374231      ,0013        ,PENDENTE_UPDATE,INTEGRADO_ATUALIZADO,0,0,0,0,0,0,0,0,0,0,0,0,0,0,0,0,0,,OK
54,374233      ,51293       ,PENDENTE_UPDATE,INTEGRADO_ATUALIZADO,0,0,0,0,0,1,0,0,0,0,0,0,0,0,0,0,0,,OK
54,374469      ,59556       ,PENDENTE_UPDATE,INTEGRADO_ATUALIZADO,0,0,0,0,0,7,0,0,0,0,0,0,0,0,0,0,0,,OK
54,374471      ,59556       ,PENDENTE_UPDATE,INTEGRADO_ATUALIZADO,0,0,0,0,0,0,0,0,0,0,0,0,0,0,0,0,0,,OK
54,374497      ,59473       ,PENDENTE_UPDATE,INTEGRADO_ATUALIZADO,0,0,0,0,0,0,0,0,0,0,0,0,0,0,0,0,0,,OK
54,374498      ,59473       ,PENDENTE_UPDATE,INTEGRADO_ATUALIZADO,0,0,0,0,0,0,0,0,0,0,0,0,0,0,0,0,0,,OK
54,374499      ,59473       ,PENDENTE_UPDATE,INTEGRADO_ATUALIZADO,0,0,0,0,0,0,0,0,0,0,0,0,0,0,0,0,0,,OK
54,374502      ,59522       ,PENDENTE_UPDATE,INTEGRADO_ATUALIZADO,0,0,0,0,0,0,0,0,0,0,0,0,0,0,0,0,0,,OK
54,374504      ,59520       ,PENDENTE_UPDATE,INTEGRADO_ATUALIZADO,0,0,0,0,0,0,0,0,0,0,0,0,0,0,0,0,0,,OK
54,374535      ,59612       ,PENDENTE_UPDATE,INTEGRADO_ATUALIZADO,0,0,0,0,0,6,0,0,0,0,0,0,0,0,0,0,0,,OK
54,374536      ,59489       ,PENDENTE_UPDATE,INTEGRADO_ATUALIZADO,0,0,0,0,0,0,0,0,0,0,0,0,0,0,0,0,0,,OK
54,374537      ,59489       ,PENDENTE_UPDATE,INTEGRADO_ATUALIZADO,0,0,0,0,0,0,0,0,0,0,0,0,0,0,0,0,0,,OK
54,374720      ,59570       ,PENDENTE_UPDATE,INTEGRADO_ATUALIZADO,0,0,0,0,0,0,0,0,0,0,0,0,0,0,0,0,0,,OK
54,374758      ,59535       ,PENDENTE_UPDATE,INTEGRADO_ATUALIZADO,0,0,0,0,0,0,0,0,0,0,0,0,0,0,0,0,0,,OK
54,374759      ,59611       ,PENDENTE_UPDATE,INTEGRADO_ATUALIZADO,0,0,0,0,0,0,0,0,0,0,0,0,0,0,0,0,0,,OK
54,374830      ,61697       ,PENDENTE_UPDATE,INTEGRADO_ATUALIZADO,0,0,0,0,0,0,0,0,0,0,0,0,0,0,0,0,0,,OK
54,374833      ,61697       ,PENDENTE_UPDATE,INTEGRADO_ATUALIZADO,0,0,0,0,0,0,0,0,0,0,0,0,0,0,0,0,0,,OK
54,374850      ,59526       ,PENDENTE_UPDATE,INTEGRADO_ATUALIZADO,0,0,0,0,0,0,0,0,0,0,0,0,0,0,0,0,0,,OK
54,374864      ,59521       ,PENDENTE_UPDATE,INTEGRADO_ATUALIZADO,0,0,0,0,0,0,0,0,0,0,0,0,0,0,0,0,0,,OK
54,374908      ,59574       ,PENDENTE_UPDATE,INTEGRADO_ATUALIZADO,0,0,0,0,0,0,0,0,0,0,0,0,0,0,0,0,0,,OK
54,374910      ,59566       ,PENDENTE_UPDATE,INTEGRADO_ATUALIZADO,0,0,0,0,0,0,0,0,0,0,0,0,0,0,0,0,0,,OK
54,374918      ,59526       ,PENDENTE_UPDATE,INTEGRADO_ATUALIZADO,0,0,0,0,0,0,0,0,0,0,0,0,0,0,0,0,0,,OK
54,374919      ,59526       ,PENDENTE_UPDATE,INTEGRADO_ATUALIZADO,0,0,0,0,0,0,0,0,0,0,0,0,0,0,0,0,0,,OK
54,374931      ,59536       ,PENDENTE_UPDATE,INTEGRADO_ATUALIZADO,0,0,0,0,0,0,0,0,0,0,0,0,0,0,0,0,0,,OK
54,374934      ,59536       ,PENDENTE_UPDATE,INTEGRADO_ATUALIZADO,0,0,0,0,0,1,0,0,0,0,0,0,0,0,0,0,0,,OK
54,374952      ,59489       ,PENDENTE_UPDATE,INTEGRADO_ATUALIZADO,0,0,0,0,0,0,0,0,0,0,0,0,0,0,0,0,0,,OK
54,374955      ,59559       ,PENDENTE_UPDATE,INTEGRADO_ATUALIZADO,0,0,0,0,0,0,0,0,0,0,0,0,0,0,0,0,0,,OK
54,374956      ,59559       ,PENDENTE_UPDATE,INTEGRADO_ATUALIZADO,0,0,0,0,0,0,0,0,0,0,0,0,0,0,0,0,0,,OK
54,374959      ,59559       ,PENDENTE_UPDATE,INTEGRADO_ATUALIZADO,0,0,0,0,0,0,0,0,0,0,0,0,0,0,0,0,0,,OK
54,374960      ,59559       ,PENDENTE_UPDATE,INTEGRADO_ATUALIZADO,0,0,0,0,0,0,0,0,0,0,0,0,0,0,0,0,0,,OK
54,374965      ,59552       ,PENDENTE_UPDATE,INTEGRADO_ATUALIZADO,0,0,0,0,0,0,0,0,0,0,0,0,0,0,0,0,0,,OK
54,374975      ,59501       ,PENDENTE_UPDATE,INTEGRADO_ATUALIZADO,0,0,0,0,0,0,0,0,0,0,0,0,0,0,0,0,0,,OK
54,374977      ,59555       ,PENDENTE_UPDATE,INTEGRADO_ATUALIZADO,0,0,0,0,0,4,0,0,0,0,0,0,0,0,0,0,0,,OK
54,374978      ,59501       ,PENDENTE_UPDATE,INTEGRADO_ATUALIZADO,0,0,0,0,0,0,0,0,0,0,0,0,0,0,0,0,0,,OK
54,374979      ,59501       ,PENDENTE_UPDATE,INTEGRADO_ATUALIZADO,0,0,0,0,0,0,0,0,0,0,0,0,0,0,0,0,0,,OK
54,374995      ,0003        ,PENDENTE_UPDATE,INTEGRADO_ATUALIZADO,0,0,0,0,0,0,0,0,0,0,0,0,0,0,0,0,0,,OK
54,374997      ,59497       ,PENDENTE_UPDATE,INTEGRADO_ATUALIZADO,0,0,0,0,0,1,0,0,0,0,0,0,0,0,0,0,0,,OK
54,374999      ,55390       ,PENDENTE_UPDATE,INTEGRADO_ATUALIZADO,0,0,0,0,0,0,0,0,0,0,0,0,0,0,0,0,0,,OK
54,375000      ,55390       ,PENDENTE_UPDATE,INTEGRADO_ATUALIZADO,0,0,0,0,0,0,0,0,0,0,0,0,0,0,0,0,0,,OK
54,375001      ,55390       ,PENDENTE_UPDATE,INTEGRADO_ATUALIZADO,0,0,0,0,0,1,0,0,0,0,0,0,0,0,0,0,0,,OK
54,375006      ,59476       ,PENDENTE_UPDATE,INTEGRADO_ATUALIZADO,0,0,0,0,0,1,0,0,0,0,0,0,0,0,0,0,0,,OK
54,375008      ,59459       ,PENDENTE_UPDATE,INTEGRADO_ATUALIZADO,0,0,0,0,0,0,0,0,0,0,0,0,0,0,0,0,0,,OK
54,375010      ,59460       ,PENDENTE_UPDATE,INTEGRADO_ATUALIZADO,0,0,0,0,0,0,0,0,0,0,0,0,0,0,0,0,0,,OK
54,375012      ,59459       ,PENDENTE_UPDATE,INTEGRADO_ATUALIZADO,0,0,0,0,0,0,0,0,0,0,0,0,0,0,0,0,0,,OK
54,375048      ,59560       ,PENDENTE_UPDATE,INTEGRADO_ATUALIZADO,0,0,0,0,0,0,0,0,0,0,0,0,0,0,0,0,0,,OK
54,375049      ,59576       ,PENDENTE_UPDATE,INTEGRADO_ATUALIZADO,0,0,0,0,0,0,0,0,0,0,0,0,0,0,0,0,0,,OK
54,375050      ,59576       ,PENDENTE_UPDATE,INTEGRADO_ATUALIZADO,0,0,0,0,0,0,0,0,0,0,0,0,0,0,0,0,0,,OK
54,375052      ,59576       ,PENDENTE_UPDATE,INTEGRADO_ATUALIZADO,0,0,0,0,0,0,0,0,0,0,0,0,0,0,0,0,0,,OK
54,375053      ,0109        ,PENDENTE_UPDATE,INTEGRADO_ATUALIZADO,0,0,0,0,0,0,0,0,0,0,0,0,0,0,0,0,0,,OK
54,375075      ,0024        ,PENDENTE_UPDATE,INTEGRADO_ATUALIZADO,0,0,0,0,0,0,0,0,0,0,0,0,0,0,0,0,0,,OK
54,375213      ,59500       ,PENDENTE_UPDATE,INTEGRADO_ATUALIZADO,0,0,0,0,0,0,0,0,0,0,0,0,0,0,0,0,0,,OK
54,375214      ,07852       ,PENDENTE_UPDATE,INTEGRADO_ATUALIZADO,0,0,0,0,0,0,0,0,0,0,0,0,0,0,0,0,0,,OK
54,375217      ,07546       ,PENDENTE_UPDATE,INTEGRADO_ATUALIZADO,0,0,0,0,0,0,0,0,0,0,0,0,0,0,0,0,0,,OK
54,375224      ,59489       ,PENDENTE_UPDATE,INTEGRADO_ATUALIZADO,0,0,0,0,0,0,0,0,0,0,0,0,0,0,0,0,0,,OK
54,375227      ,07448       ,PENDENTE_UPDATE,INTEGRADO_ATUALIZADO,0,0,0,0,0,0,0,0,0,0,0,0,0,0,0,0,0,,OK
54,375233      ,7122        ,PENDENTE_UPDATE,INTEGRADO_ATUALIZADO,0,0,0,0,0,0,0,0,0,0,0,0,0,0,0,0,0,,OK
54,375237      ,05052       ,PENDENTE_UPDATE,INTEGRADO_ATUALIZADO,0,0,0,0,0,0,0,0,0,0,0,0,0,0,0,0,0,,OK
54,375242      ,07488       ,PENDENTE_UPDATE,INTEGRADO_ATUALIZADO,0,0,0,0,0,0,0,0,0,0,0,0,0,0,0,0,0,,OK
54,375244      ,07836       ,PENDENTE_UPDATE,INTEGRADO_ATUALIZADO,0,0,0,0,0,0,0,0,0,0,0,0,0,0,0,0,0,,OK
54,375247      ,07448       ,PENDENTE_UPDATE,INTEGRADO_ATUALIZADO,0,0,0,0,0,0,0,0,0,0,0,0,0,0,0,0,0,,OK
54,375248      ,07448       ,PENDENTE_UPDATE,INTEGRADO_ATUALIZADO,0,0,0,0,0,0,0,0,0,0,0,0,0,0,0,0,0,,OK
54,375253      ,07448       ,PENDENTE_UPDATE,INTEGRADO_ATUALIZADO,0,0,0,0,0,0,0,0,0,0,0,0,0,0,0,0,0,,OK
54,375254      ,1566        ,PENDENTE_UPDATE,INTEGRADO_ATUALIZADO,0,0,0,0,0,0,0,0,0,0,0,0,0,0,0,0,0,,OK
54,375257      ,07039       ,PENDENTE_UPDATE,INTEGRADO_ATUALIZADO,0,0,0,0,0,0,0,0,0,0,0,0,0,0,0,0,0,,OK
54,375260      ,07039       ,PENDENTE_UPDATE,INTEGRADO_ATUALIZADO,0,0,0,0,0,0,0,0,0,0,0,0,0,0,0,0,0,,OK
54,375273      ,07722       ,PENDENTE_UPDATE,INTEGRADO_ATUALIZADO,0,0,0,0,0,0,0,0,0,0,0,0,0,0,0,0,0,,OK
54,375275      ,07448       ,PENDENTE_UPDATE,INTEGRADO_ATUALIZADO,0,0,0,0,0,0,0,0,0,0,0,0,0,0,0,0,0,,OK
54,375276      ,8391        ,PENDENTE_UPDATE,INTEGRADO_ATUALIZADO,0,0,0,0,0,0,0,0,0,0,0,0,0,0,0,0,0,,OK
54,375277      ,59566       ,PENDENTE_UPDATE,INTEGRADO_ATUALIZADO,0,0,0,0,0,0,0,0,0,0,0,0,0,0,0,0,0,,OK
54,375278      ,11056       ,PENDENTE_UPDATE,INTEGRADO_ATUALIZADO,0,0,0,0,0,0,0,0,0,0,0,0,0,0,0,0,0,,OK
54,375279      ,07448       ,PENDENTE_UPDATE,INTEGRADO_ATUALIZADO,0,0,0,0,0,0,0,0,0,0,0,0,0,0,0,0,0,,OK
54,375284      ,07891       ,PENDENTE_UPDATE,INTEGRADO_ATUALIZADO,0,0,0,0,0,0,0,0,0,0,0,0,0,0,0,0,0,,OK
54,375287      ,07546       ,PENDENTE_UPDATE,INTEGRADO_ATUALIZADO,0,0,0,0,0,0,0,0,0,0,0,0,0,0,0,0,0,,OK
54,375290      ,07488       ,PENDENTE_UPDATE,INTEGRADO_ATUALIZADO,0,0,0,0,0,0,0,0,0,0,0,0,0,0,0,0,0,,OK
54,375291      ,07820       ,PENDENTE_UPDATE,INTEGRADO_ATUALIZADO,0,0,0,0,0,0,0,0,0,0,0,0,0,0,0,0,0,,OK
54,375305      ,07448       ,PENDENTE_UPDATE,INTEGRADO_ATUALIZADO,0,0,0,0,0,0,0,0,0,0,0,0,0,0,0,0,0,,OK
54,375354      ,0024        ,PENDENTE_UPDATE,INTEGRADO_ATUALIZADO,0,0,0,0,0,0,0,0,0,0,0,0,0,0,0,0,0,,OK
54,375364      ,07448       ,PENDENTE_UPDATE,INTEGRADO_ATUALIZADO,0,0,0,0,0,0,0,0,0,0,0,0,0,0,0,0,0,,OK
54,375379      ,59499       ,PENDENTE_UPDATE,INTEGRADO_ATUALIZADO,0,0,0,0,0,0,0,0,0,0,0,0,0,0,0,0,0,,OK
54,375389      ,11092       ,PENDENTE_UPDATE,INTEGRADO_ATUALIZADO,0,0,0,0,0,0,0,0,0,0,0,0,0,0,0,0,0,,OK
54,375396      ,03328       ,PENDENTE_UPDATE,INTEGRADO_ATUALIZADO,0,0,0,0,0,0,0,0,0,0,0,0,0,0,0,0,0,,OK
54,375399      ,0105        ,PENDENTE_UPDATE,INTEGRADO_ATUALIZADO,0,0,0,0,0,0,0,0,0,0,0,0,0,0,0,0,0,,OK
54,375404      ,0101        ,PENDENTE_UPDATE,INTEGRADO_ATUALIZADO,0,0,0,0,0,0,0,0,0,0,0,0,0,0,0,0,0,,OK
54,375470      ,0013        ,PENDENTE_UPDATE,INTEGRADO_ATUALIZADO,0,0,0,0,0,0,0,0,0,0,0,0,0,0,0,0,0,,OK
54,375470      ,07448       ,PENDENTE_UPDATE,INTEGRADO_ATUALIZADO,0,0,0,0,0,0,0,0,0,0,0,0,0,0,0,0,0,,OK
54,375524      ,0105        ,PENDENTE_UPDATE,INTEGRADO_ATUALIZADO,0,0,0,0,0,0,0,0,0,0,0,0,0,0,0,0,0,,OK
54,375536      ,60572       ,PENDENTE_UPDATE,INTEGRADO_ATUALIZADO,0,0,0,0,0,0,0,0,0,0,0,0,0,0,0,0,0,,OK
54,375541      ,60575       ,PENDENTE_UPDATE,INTEGRADO_ATUALIZADO,0,0,0,0,0,0,0,0,0,0,0,0,0,0,0,0,0,,OK
54,375544      ,60578       ,PENDENTE_UPDATE,INTEGRADO_ATUALIZADO,0,0,0,0,0,0,0,0,0,0,0,0,0,0,0,0,0,,OK
54,375553      ,07448       ,PENDENTE_UPDATE,INTEGRADO_ATUALIZADO,0,0,0,0,0,0,0,0,0,0,0,0,0,0,0,0,0,,OK
54,375568      ,0109        ,PENDENTE_UPDATE,INTEGRADO_ATUALIZADO,0,0,0,0,0,4,0,0,0,0,0,0,0,0,0,0,0,,OK
54,375676      ,60556       ,PENDENTE_UPDATE,INTEGRADO_ATUALIZADO,0,0,0,0,0,0,0,0,0,0,0,0,0,0,0,0,0,,OK
54,375677      ,60556       ,PENDENTE_UPDATE,INTEGRADO_ATUALIZADO,0,0,0,0,0,0,0,0,0,0,0,0,0,0,0,0,0,,OK
54,375699      ,59547       ,PENDENTE_UPDATE,INTEGRADO_ATUALIZADO,0,0,0,0,0,0,0,0,0,0,0,0,0,0,0,0,0,,OK
54,375711      ,59557       ,PENDENTE_UPDATE,INTEGRADO_ATUALIZADO,0,0,0,0,0,0,0,0,0,0,0,0,0,0,0,0,0,,OK
54,375712      ,59533       ,PENDENTE_UPDATE,INTEGRADO_ATUALIZADO,0,0,0,0,0,0,0,0,0,0,0,0,0,0,0,0,0,,OK
54,375728      ,59534       ,PENDENTE_UPDATE,INTEGRADO_ATUALIZADO,0,0,0,0,0,0,0,0,0,0,0,0,0,0,0,0,0,,OK
54,375729      ,59459       ,PENDENTE_UPDATE,INTEGRADO_ATUALIZADO,0,0,0,0,0,0,0,0,0,0,0,0,0,0,0,0,0,,OK
54,375731      ,59558       ,PENDENTE_UPDATE,INTEGRADO_ATUALIZADO,0,0,0,0,0,0,0,0,0,0,0,0,0,0,0,0,0,,OK
54,375736      ,59548       ,PENDENTE_UPDATE,INTEGRADO_ATUALIZADO,0,0,0,0,0,0,0,0,0,0,0,0,0,0,0,0,0,,OK
54,375738      ,59476       ,PENDENTE_UPDATE,INTEGRADO_ATUALIZADO,0,0,0,0,0,0,0,0,0,0,0,0,0,0,0,0,0,,OK
54,375742      ,59497       ,PENDENTE_UPDATE,INTEGRADO_ATUALIZADO,0,0,0,0,0,0,0,0,0,0,0,0,0,0,0,0,0,,OK
54,375747      ,55390       ,PENDENTE_UPDATE,INTEGRADO_ATUALIZADO,0,0,0,0,0,0,0,0,0,0,0,0,0,0,0,0,0,,OK
54,375749      ,59612       ,PENDENTE_UPDATE,INTEGRADO_ATUALIZADO,0,0,0,0,0,0,0,0,0,0,0,0,0,0,0,0,0,,OK
54,375838      ,59599       ,PENDENTE_UPDATE,INTEGRADO_ATUALIZADO,0,0,0,0,0,0,0,0,0,0,0,0,0,0,0,0,0,,OK
54,375851      ,0101        ,PENDENTE_UPDATE,INTEGRADO_ATUALIZADO,0,0,0,0,0,0,0,0,0,0,0,0,0,0,0,0,0,,OK
54,376106      ,59608       ,PENDENTE_UPDATE,INTEGRADO_ATUALIZADO,0,0,0,0,0,0,0,0,0,0,0,0,0,0,0,0,0,,OK
54,376128      ,59473       ,PENDENTE_UPDATE,INTEGRADO_ATUALIZADO,0,0,0,0,0,0,0,0,0,0,0,0,0,0,0,0,0,,OK
54,376236      ,0013        ,PENDENTE_UPDATE,INTEGRADO_ATUALIZADO,0,0,0,0,0,0,0,0,0,0,0,0,0,0,0,0,0,,OK
54,376236      ,07448       ,PENDENTE_UPDATE,INTEGRADO_ATUALIZADO,0,0,0,0,0,1,0,0,0,0,0,0,0,0,0,0,0,,OK
54,376635      ,07448       ,PENDENTE_UPDATE,INTEGRADO_ATUALIZADO,0,0,0,0,0,0,0,0,0,0,0,0,0,0,0,0,0,,OK
54,376637      ,10071       ,PENDENTE_UPDATE,INTEGRADO_ATUALIZADO,0,0,0,0,0,0,0,0,0,0,0,0,0,0,0,0,0,,OK
54,378010      ,59559       ,PENDENTE_UPDATE,INTEGRADO_ATUALIZADO,0,0,0,0,0,0,0,0,0,0,0,0,0,0,0,0,0,,OK
54,378106      ,0105        ,PENDENTE_UPDATE,INTEGRADO_ATUALIZADO,0,0,0,0,0,0,0,0,0,0,0,0,0,0,0,0,0,,OK
54,378109      ,0003        ,PENDENTE_UPDATE,INTEGRADO_ATUALIZADO,0,0,0,0,0,0,0,0,0,0,0,0,0,0,0,0,0,,OK
54,378112      ,0109        ,PENDENTE_UPDATE,INTEGRADO_ATUALIZADO,0,0,0,0,0,0,0,0,0,0,0,0,0,0,0,0,0,,OK
54,378122      ,55452       ,PENDENTE_UPDATE,INTEGRADO_ATUALIZADO,0,0,0,0,0,0,0,0,0,0,0,0,0,0,0,0,0,,OK
54,378143      ,59533       ,PENDENTE_UPDATE,INTEGRADO_ATUALIZADO,0,0,0,0,0,0,0,0,0,0,0,0,0,0,0,0,0,,OK
54,378169      ,59566       ,PENDENTE_UPDATE,INTEGRADO_ATUALIZADO,0,0,0,0,0,0,0,0,0,0,0,0,0,0,0,0,0,,OK
54,378170      ,59566       ,PENDENTE_UPDATE,INTEGRADO_ATUALIZADO,0,0,0,0,0,0,0,0,0,0,0,0,0,0,0,0,0,,OK
54,378364      ,05024       ,PENDENTE_UPDATE,INTEGRADO_ATUALIZADO,0,0,0,0,0,0,0,0,0,0,0,0,0,0,0,0,0,,OK
54,378364      ,07448       ,PENDENTE_UPDATE,INTEGRADO_ATUALIZADO,0,0,0,0,0,0,0,0,0,0,0,0,0,0,0,0,0,,OK
54,378400      ,07742       ,PENDENTE_UPDATE,INTEGRADO_ATUALIZADO,0,0,0,0,0,0,0,0,0,0,0,0,0,0,0,0,0,,OK
54,378401      ,07742       ,PENDENTE_UPDATE,INTEGRADO_ATUALIZADO,0,0,0,0,0,0,0,0,0,0,0,0,0,0,0,0,0,,OK
54,378917      ,02542       ,PENDENTE_UPDATE,INTEGRADO_ATUALIZADO,0,0,0,0,0,0,0,0,0,0,0,0,0,0,0,0,0,,OK
54,378930      ,2276        ,PENDENTE_UPDATE,INTEGRADO_ATUALIZADO,0,0,0,0,0,0,0,0,0,0,0,0,0,0,0,0,0,,OK
54,378962      ,0026        ,PENDENTE_UPDATE,INTEGRADO_ATUALIZADO,0,0,0,0,0,0,0,0,0,0,0,0,0,0,0,0,0,,OK
54,379024      ,0101        ,PENDENTE_UPDATE,INTEGRADO_ATUALIZADO,0,0,0,0,0,0,0,0,0,0,0,0,0,0,0,0,0,,OK
54,379040      ,0101        ,PENDENTE_UPDATE,INTEGRADO_ATUALIZADO,0,0,0,0,0,0,0,0,0,0,0,0,0,0,0,0,0,,OK
54,379122      ,59479       ,PENDENTE_UPDATE,INTEGRADO_ATUALIZADO,0,0,0,0,0,0,0,0,0,0,0,0,0,0,0,0,0,,OK
54,379139      ,59600       ,PENDENTE_UPDATE,INTEGRADO_ATUALIZADO,0,0,0,0,0,0,0,0,0,0,0,0,0,0,0,0,0,,OK
54,379160      ,04338       ,PENDENTE_UPDATE,INTEGRADO_ATUALIZADO,0,0,0,0,0,0,0,0,0,0,0,0,0,0,0,0,0,,OK
54,379278      ,07448       ,PENDENTE_UPDATE,INTEGRADO_ATUALIZADO,0,0,0,0,0,0,0,0,0,0,0,0,0,0,0,0,0,,OK
54,379280      ,59494       ,PENDENTE_UPDATE,INTEGRADO_ATUALIZADO,0,0,0,0,0,0,0,0,0,0,0,0,0,0,0,0,0,,OK
54,379282      ,59460       ,PENDENTE_UPDATE,INTEGRADO_ATUALIZADO,23,5,7,6,3,2,0,0,0,0,0,0,0,0,0,0,0,,OK
54,379318      ,07546       ,PENDENTE_UPDATE,INTEGRADO_ATUALIZADO,0,0,0,0,0,0,0,0,0,0,0,0,0,0,0,0,0,,OK
54,379330      ,59489       ,PENDENTE_UPDATE,INTEGRADO_ATUALIZADO,0,0,0,0,0,0,0,0,0,0,0,0,0,0,0,0,0,,OK
54,379331      ,07722       ,PENDENTE_UPDATE,INTEGRADO_ATUALIZADO,0,0,0,0,0,0,0,0,0,0,0,0,0,0,0,0,0,,OK
54,379332      ,07742       ,PENDENTE_UPDATE,INTEGRADO_ATUALIZADO,0,0,0,0,0,0,0,0,0,0,0,0,0,0,0,0,0,,OK
54,379335      ,07448       ,PENDENTE_UPDATE,INTEGRADO_ATUALIZADO,0,0,0,0,0,0,0,0,0,0,0,0,0,0,0,0,0,,OK
54,379337      ,0206        ,PENDENTE_UPDATE,INTEGRADO_ATUALIZADO,0,0,0,0,0,0,0,0,0,0,0,0,0,0,0,0,0,,OK
54,379361      ,0011        ,PENDENTE_UPDATE,INTEGRADO_ATUALIZADO,0,0,0,0,0,0,0,0,0,0,0,0,0,0,0,0,0,,OK
54,379361      ,0024        ,PENDENTE_UPDATE,INTEGRADO_ATUALIZADO,0,0,0,0,0,0,0,0,0,0,0,0,0,0,0,0,0,,OK
54,379362      ,0011        ,PENDENTE_UPDATE,INTEGRADO_ATUALIZADO,0,0,0,0,0,0,0,0,0,0,0,0,0,0,0,0,0,,OK
54,379362      ,0024        ,PENDENTE_UPDATE,INTEGRADO_ATUALIZADO,0,0,0,0,0,0,0,0,0,0,0,0,0,0,0,0,0,,OK
54,379368      ,59592       ,PENDENTE_UPDATE,INTEGRADO_ATUALIZADO,0,0,0,0,0,0,0,0,0,0,0,0,0,0,0,0,0,,OK
54,379371      ,59503       ,PENDENTE_UPDATE,INTEGRADO_ATUALIZADO,0,0,0,0,0,0,0,0,0,0,0,0,0,0,0,0,0,,OK
54,379435      ,59557       ,PENDENTE_UPDATE,INTEGRADO_ATUALIZADO,0,0,0,0,0,0,0,0,0,0,0,0,0,0,0,0,0,,OK
54,379439      ,59474       ,PENDENTE_UPDATE,INTEGRADO_ATUALIZADO,0,0,0,0,0,3,0,0,0,0,0,0,0,0,0,0,0,,OK
54,379884      ,59611       ,PENDENTE_UPDATE,INTEGRADO_ATUALIZADO,0,0,0,0,0,1,0,0,0,0,0,0,0,0,0,0,0,,OK
54,379893      ,59614       ,PENDENTE_UPDATE,INTEGRADO_ATUALIZADO,0,0,0,0,0,2,0,0,0,0,0,0,0,0,0,0,0,,OK
54,379918      ,59473       ,PENDENTE_UPDATE,INTEGRADO_ATUALIZADO,0,0,0,0,0,0,0,0,0,0,0,0,0,0,0,0,0,,OK
54,379921      ,59555       ,PENDENTE_UPDATE,INTEGRADO_ATUALIZADO,0,0,0,0,0,1,0,0,0,0,0,0,0,0,0,0,0,,OK
54,379948      ,59564       ,PENDENTE_UPDATE,INTEGRADO_ATUALIZADO,0,0,0,0,0,0,0,0,0,0,0,0,0,0,0,0,0,,OK
54,380001      ,61672       ,PENDENTE_UPDATE,INTEGRADO_ATUALIZADO,0,0,0,0,0,0,0,0,0,0,0,0,0,0,0,0,0,,OK
54,380002      ,61672       ,PENDENTE_UPDATE,INTEGRADO_ATUALIZADO,0,0,0,0,0,0,0,0,0,0,0,0,0,0,0,0,0,,OK
54,380045      ,59612       ,PENDENTE_UPDATE,INTEGRADO_ATUALIZADO,0,0,0,0,0,1,0,0,0,0,0,0,0,0,0,0,0,,OK
54,380102      ,07448       ,PENDENTE_UPDATE,INTEGRADO_ATUALIZADO,0,0,0,0,0,0,0,0,0,0,0,0,0,0,0,0,0,,OK
54,380102      ,07742       ,PENDENTE_UPDATE,INTEGRADO_ATUALIZADO,0,0,0,0,0,0,0,0,0,0,0,0,0,0,0,0,0,,OK
54,380117      ,2276        ,PENDENTE_UPDATE,INTEGRADO_ATUALIZADO,0,0,0,0,0,0,0,0,0,0,0,0,0,0,0,0,0,,OK
54,385659      ,07448       ,INTEGRADO_JA_ESTAVA_OK,INTEGRADO_JA_ESTAVA_OK,54,12,20,11,7,4,0,0,0,0,0,0,0,0,0,0,0,,OK
