produto,cor_produto,motivo,etapa,observacao
367234,07742,ID_CAMPANHA_NAO_AUTORIZADO_PELO_PRODUCT_OWNER,GATE_HUMANO_ID_CAMPANHA,"Registro tecnicamente candidato conforme legado, mas campanha ainda nao foi autorizada explicitamente."
367234,07748,ID_CAMPANHA_NAO_AUTORIZADO_PELO_PRODUCT_OWNER,GATE_HUMANO_ID_CAMPANHA,"Registro tecnicamente candidato conforme legado, mas campanha ainda nao foi autorizada explicitamente."
367846,07448,ID_CAMPANHA_NAO_AUTORIZADO_PELO_PRODUCT_OWNER,GATE_HUMANO_ID_CAMPANHA,"Registro tecnicamente candidato conforme legado, mas campanha ainda nao foi autorizada explicitamente."
367847,07448,ID_CAMPANHA_NAO_AUTORIZADO_PELO_PRODUCT_OWNER,GATE_HUMANO_ID_CAMPANHA,"Registro tecnicamente candidato conforme legado, mas campanha ainda nao foi autorizada explicitamente."
368530,10066,ID_CAMPANHA_NAO_AUTORIZADO_PELO_PRODUCT_OWNER,GATE_HUMANO_ID_CAMPANHA,"Registro tecnicamente candidato conforme legado, mas campanha ainda nao foi autorizada explicitamente."
368531,10066,ID_CAMPANHA_NAO_AUTORIZADO_PELO_PRODUCT_OWNER,GATE_HUMANO_ID_CAMPANHA,"Registro tecnicamente candidato conforme legado, mas campanha ainda nao foi autorizada explicitamente."
368537,58302,ID_CAMPANHA_NAO_AUTORIZADO_PELO_PRODUCT_OWNER,GATE_HUMANO_ID_CAMPANHA,"Registro tecnicamente candidato conforme legado, mas campanha ainda nao foi autorizada explicitamente."
371830,07742,ID_CAMPANHA_NAO_AUTORIZADO_PELO_PRODUCT_OWNER,GATE_HUMANO_ID_CAMPANHA,"Registro tecnicamente candidato conforme legado, mas campanha ainda nao foi autorizada explicitamente."
371830,09269,ID_CAMPANHA_NAO_AUTORIZADO_PELO_PRODUCT_OWNER,GATE_HUMANO_ID_CAMPANHA,"Registro tecnicamente candidato conforme legado, mas campanha ainda nao foi autorizada explicitamente."
371832,07448,ID_CAMPANHA_NAO_AUTORIZADO_PELO_PRODUCT_OWNER,GATE_HUMANO_ID_CAMPANHA,"Registro tecnicamente candidato conforme legado, mas campanha ainda nao foi autorizada explicitamente."
371833,0013,ID_CAMPANHA_NAO_AUTORIZADO_PELO_PRODUCT_OWNER,GATE_HUMANO_ID_CAMPANHA,"Registro tecnicamente candidato conforme legado, mas campanha ainda nao foi autorizada explicitamente."
371833,05052,ID_CAMPANHA_NAO_AUTORIZADO_PELO_PRODUCT_OWNER,GATE_HUMANO_ID_CAMPANHA,"Registro tecnicamente candidato conforme legado, mas campanha ainda nao foi autorizada explicitamente."
371834,04097,ID_CAMPANHA_NAO_AUTORIZADO_PELO_PRODUCT_OWNER,GATE_HUMANO_ID_CAMPANHA,"Registro tecnicamente candidato conforme legado, mas campanha ainda nao foi autorizada explicitamente."
371834,07448,ID_CAMPANHA_NAO_AUTORIZADO_PELO_PRODUCT_OWNER,GATE_HUMANO_ID_CAMPANHA,"Registro tecnicamente candidato conforme legado, mas campanha ainda nao foi autorizada explicitamente."
371846,07448,ID_CAMPANHA_NAO_AUTORIZADO_PELO_PRODUCT_OWNER,GATE_HUMANO_ID_CAMPANHA,"Registro tecnicamente candidato conforme legado, mas campanha ainda nao foi autorizada explicitamente."
371848,07448,ID_CAMPANHA_NAO_AUTORIZADO_PELO_PRODUCT_OWNER,GATE_HUMANO_ID_CAMPANHA,"Registro tecnicamente candidato conforme legado, mas campanha ainda nao foi autorizada explicitamente."
371848,07742,ID_CAMPANHA_NAO_AUTORIZADO_PELO_PRODUCT_OWNER,GATE_HUMANO_ID_CAMPANHA,"Registro tecnicamente candidato conforme legado, mas campanha ainda nao foi autorizada explicitamente."
371850,7122,ID_CAMPANHA_NAO_AUTORIZADO_PELO_PRODUCT_OWNER,GATE_HUMANO_ID_CAMPANHA,"Registro tecnicamente candidato conforme legado, mas campanha ainda nao foi autorizada explicitamente."
371860,0013,ID_CAMPANHA_NAO_AUTORIZADO_PELO_PRODUCT_OWNER,GATE_HUMANO_ID_CAMPANHA,"Registro tecnicamente candidato conforme legado, mas campanha ainda nao foi autorizada explicitamente."
371863,05024,ID_CAMPANHA_NAO_AUTORIZADO_PELO_PRODUCT_OWNER,GATE_HUMANO_ID_CAMPANHA,"Registro tecnicamente candidato conforme legado, mas campanha ainda nao foi autorizada explicitamente."
371863,07742,ID_CAMPANHA_NAO_AUTORIZADO_PELO_PRODUCT_OWNER,GATE_HUMANO_ID_CAMPANHA,"Registro tecnicamente candidato conforme legado, mas campanha ainda nao foi autorizada explicitamente."
371868,0013,ID_CAMPANHA_NAO_AUTORIZADO_PELO_PRODUCT_OWNER,GATE_HUMANO_ID_CAMPANHA,"Registro tecnicamente candidato conforme legado, mas campanha ainda nao foi autorizada explicitamente."
371868,05024,ID_CAMPANHA_NAO_AUTORIZADO_PELO_PRODUCT_OWNER,GATE_HUMANO_ID_CAMPANHA,"Registro tecnicamente candidato conforme legado, mas campanha ainda nao foi autorizada explicitamente."
371868,07836,ID_CAMPANHA_NAO_AUTORIZADO_PELO_PRODUCT_OWNER,GATE_HUMANO_ID_CAMPANHA,"Registro tecnicamente candidato conforme legado, mas campanha ainda nao foi autorizada explicitamente."
371880,0013,ID_CAMPANHA_NAO_AUTORIZADO_PELO_PRODUCT_OWNER,GATE_HUMANO_ID_CAMPANHA,"Registro tecnicamente candidato conforme legado, mas campanha ainda nao foi autorizada explicitamente."
371880,05024,ID_CAMPANHA_NAO_AUTORIZADO_PELO_PRODUCT_OWNER,GATE_HUMANO_ID_CAMPANHA,"Registro tecnicamente candidato conforme legado, mas campanha ainda nao foi autorizada explicitamente."
371880,07836,ID_CAMPANHA_NAO_AUTORIZADO_PELO_PRODUCT_OWNER,GATE_HUMANO_ID_CAMPANHA,"Registro tecnicamente candidato conforme legado, mas campanha ainda nao foi autorizada explicitamente."
372004,59467,ID_CAMPANHA_NAO_AUTORIZADO_PELO_PRODUCT_OWNER,GATE_HUMANO_ID_CAMPANHA,"Registro tecnicamente candidato conforme legado, mas campanha ainda nao foi autorizada explicitamente."
372005,59467,ID_CAMPANHA_NAO_AUTORIZADO_PELO_PRODUCT_OWNER,GATE_HUMANO_ID_CAMPANHA,"Registro tecnicamente candidato conforme legado, mas campanha ainda nao foi autorizada explicitamente."
372006,59467,ID_CAMPANHA_NAO_AUTORIZADO_PELO_PRODUCT_OWNER,GATE_HUMANO_ID_CAMPANHA,"Registro tecnicamente candidato conforme legado, mas campanha ainda nao foi autorizada explicitamente."
372014,61665,ID_CAMPANHA_NAO_AUTORIZADO_PELO_PRODUCT_OWNER,GATE_HUMANO_ID_CAMPANHA,"Registro tecnicamente candidato conforme legado, mas campanha ainda nao foi autorizada explicitamente."
372015,61665,ID_CAMPANHA_NAO_AUTORIZADO_PELO_PRODUCT_OWNER,GATE_HUMANO_ID_CAMPANHA,"Registro tecnicamente candidato conforme legado, mas campanha ainda nao foi autorizada explicitamente."
372017,59547,ID_CAMPANHA_NAO_AUTORIZADO_PELO_PRODUCT_OWNER,GATE_HUMANO_ID_CAMPANHA,"Registro tecnicamente candidato conforme legado, mas campanha ainda nao foi autorizada explicitamente."
372018,59547,ID_CAMPANHA_NAO_AUTORIZADO_PELO_PRODUCT_OWNER,GATE_HUMANO_ID_CAMPANHA,"Registro tecnicamente candidato conforme legado, mas campanha ainda nao foi autorizada explicitamente."
372032,59602,ID_CAMPANHA_NAO_AUTORIZADO_PELO_PRODUCT_OWNER,GATE_HUMANO_ID_CAMPANHA,"Registro tecnicamente candidato conforme legado, mas campanha ainda nao foi autorizada explicitamente."
372033,59602,ID_CAMPANHA_NAO_AUTORIZADO_PELO_PRODUCT_OWNER,GATE_HUMANO_ID_CAMPANHA,"Registro tecnicamente candidato conforme legado, mas campanha ainda nao foi autorizada explicitamente."
372042,59614,ID_CAMPANHA_NAO_AUTORIZADO_PELO_PRODUCT_OWNER,GATE_HUMANO_ID_CAMPANHA,"Registro tecnicamente candidato conforme legado, mas campanha ainda nao foi autorizada explicitamente."
372046,59554,ID_CAMPANHA_NAO_AUTORIZADO_PELO_PRODUCT_OWNER,GATE_HUMANO_ID_CAMPANHA,"Registro tecnicamente candidato conforme legado, mas campanha ainda nao foi autorizada explicitamente."
372073,59557,ID_CAMPANHA_NAO_AUTORIZADO_PELO_PRODUCT_OWNER,GATE_HUMANO_ID_CAMPANHA,"Registro tecnicamente candidato conforme legado, mas campanha ainda nao foi autorizada explicitamente."
372087,59557,ID_CAMPANHA_NAO_AUTORIZADO_PELO_PRODUCT_OWNER,GATE_HUMANO_ID_CAMPANHA,"Registro tecnicamente candidato conforme legado, mas campanha ainda nao foi autorizada explicitamente."
372093,59481,ID_CAMPANHA_NAO_AUTORIZADO_PELO_PRODUCT_OWNER,GATE_HUMANO_ID_CAMPANHA,"Registro tecnicamente candidato conforme legado, mas campanha ainda nao foi autorizada explicitamente."
372094,59481,ID_CAMPANHA_NAO_AUTORIZADO_PELO_PRODUCT_OWNER,GATE_HUMANO_ID_CAMPANHA,"Registro tecnicamente candidato conforme legado, mas campanha ainda nao foi autorizada explicitamente."
372096,59593,ID_CAMPANHA_NAO_AUTORIZADO_PELO_PRODUCT_OWNER,GATE_HUMANO_ID_CAMPANHA,"Registro tecnicamente candidato conforme legado, mas campanha ainda nao foi autorizada explicitamente."
372097,59591,ID_CAMPANHA_NAO_AUTORIZADO_PELO_PRODUCT_OWNER,GATE_HUMANO_ID_CAMPANHA,"Registro tecnicamente candidato conforme legado, mas campanha ainda nao foi autorizada explicitamente."
372098,59593,ID_CAMPANHA_NAO_AUTORIZADO_PELO_PRODUCT_OWNER,GATE_HUMANO_ID_CAMPANHA,"Registro tecnicamente candidato conforme legado, mas campanha ainda nao foi autorizada explicitamente."
372099,59593,ID_CAMPANHA_NAO_AUTORIZADO_PELO_PRODUCT_OWNER,GATE_HUMANO_ID_CAMPANHA,"Registro tecnicamente candidato conforme legado, mas campanha ainda nao foi autorizada explicitamente."
372104,59548,ID_CAMPANHA_NAO_AUTORIZADO_PELO_PRODUCT_OWNER,GATE_HUMANO_ID_CAMPANHA,"Registro tecnicamente candidato conforme legado, mas campanha ainda nao foi autorizada explicitamente."
372249,59474,ID_CAMPANHA_NAO_AUTORIZADO_PELO_PRODUCT_OWNER,GATE_HUMANO_ID_CAMPANHA,"Registro tecnicamente candidato conforme legado, mas campanha ainda nao foi autorizada explicitamente."
372250,59481,ID_CAMPANHA_NAO_AUTORIZADO_PELO_PRODUCT_OWNER,GATE_HUMANO_ID_CAMPANHA,"Registro tecnicamente candidato conforme legado, mas campanha ainda nao foi autorizada explicitamente."
372251,59481,ID_CAMPANHA_NAO_AUTORIZADO_PELO_PRODUCT_OWNER,GATE_HUMANO_ID_CAMPANHA,"Registro tecnicamente candidato conforme legado, mas campanha ainda nao foi autorizada explicitamente."
372256,59670,ID_CAMPANHA_NAO_AUTORIZADO_PELO_PRODUCT_OWNER,GATE_HUMANO_ID_CAMPANHA,"Registro tecnicamente candidato conforme legado, mas campanha ainda nao foi autorizada explicitamente."
372279,59473,ID_CAMPANHA_NAO_AUTORIZADO_PELO_PRODUCT_OWNER,GATE_HUMANO_ID_CAMPANHA,"Registro tecnicamente candidato conforme legado, mas campanha ainda nao foi autorizada explicitamente."
372280,59476,ID_CAMPANHA_NAO_AUTORIZADO_PELO_PRODUCT_OWNER,GATE_HUMANO_ID_CAMPANHA,"Registro tecnicamente candidato conforme legado, mas campanha ainda nao foi autorizada explicitamente."
372287,59498,ID_CAMPANHA_NAO_AUTORIZADO_PELO_PRODUCT_OWNER,GATE_HUMANO_ID_CAMPANHA,"Registro tecnicamente candidato conforme legado, mas campanha ainda nao foi autorizada explicitamente."
372302,59709,ID_CAMPANHA_NAO_AUTORIZADO_PELO_PRODUCT_OWNER,GATE_HUMANO_ID_CAMPANHA,"Registro tecnicamente candidato conforme legado, mas campanha ainda nao foi autorizada explicitamente."
372307,59498,ID_CAMPANHA_NAO_AUTORIZADO_PELO_PRODUCT_OWNER,GATE_HUMANO_ID_CAMPANHA,"Registro tecnicamente candidato conforme legado, mas campanha ainda nao foi autorizada explicitamente."
372308,59721,ID_CAMPANHA_NAO_AUTORIZADO_PELO_PRODUCT_OWNER,GATE_HUMANO_ID_CAMPANHA,"Registro tecnicamente candidato conforme legado, mas campanha ainda nao foi autorizada explicitamente."
372309,59721,ID_CAMPANHA_NAO_AUTORIZADO_PELO_PRODUCT_OWNER,GATE_HUMANO_ID_CAMPANHA,"Registro tecnicamente candidato conforme legado, mas campanha ainda nao foi autorizada explicitamente."
372368,59548,ID_CAMPANHA_NAO_AUTORIZADO_PELO_PRODUCT_OWNER,GATE_HUMANO_ID_CAMPANHA,"Registro tecnicamente candidato conforme legado, mas campanha ainda nao foi autorizada explicitamente."
372370,59547,ID_CAMPANHA_NAO_AUTORIZADO_PELO_PRODUCT_OWNER,GATE_HUMANO_ID_CAMPANHA,"Registro tecnicamente candidato conforme legado, mas campanha ainda nao foi autorizada explicitamente."
372373,59498,ID_CAMPANHA_NAO_AUTORIZADO_PELO_PRODUCT_OWNER,GATE_HUMANO_ID_CAMPANHA,"Registro tecnicamente candidato conforme legado, mas campanha ainda nao foi autorizada explicitamente."
372374,59576,ID_CAMPANHA_NAO_AUTORIZADO_PELO_PRODUCT_OWNER,GATE_HUMANO_ID_CAMPANHA,"Registro tecnicamente candidato conforme legado, mas campanha ainda nao foi autorizada explicitamente."
372397,59574,ID_CAMPANHA_NAO_AUTORIZADO_PELO_PRODUCT_OWNER,GATE_HUMANO_ID_CAMPANHA,"Registro tecnicamente candidato conforme legado, mas campanha ainda nao foi autorizada explicitamente."
372429,59591,ID_CAMPANHA_NAO_AUTORIZADO_PELO_PRODUCT_OWNER,GATE_HUMANO_ID_CAMPANHA,"Registro tecnicamente candidato conforme legado, mas campanha ainda nao foi autorizada explicitamente."
372430,59537,ID_CAMPANHA_NAO_AUTORIZADO_PELO_PRODUCT_OWNER,GATE_HUMANO_ID_CAMPANHA,"Registro tecnicamente candidato conforme legado, mas campanha ainda nao foi autorizada explicitamente."
372431,59548,ID_CAMPANHA_NAO_AUTORIZADO_PELO_PRODUCT_OWNER,GATE_HUMANO_ID_CAMPANHA,"Registro tecnicamente candidato conforme legado, mas campanha ainda nao foi autorizada explicitamente."
372432,59548,ID_CAMPANHA_NAO_AUTORIZADO_PELO_PRODUCT_OWNER,GATE_HUMANO_ID_CAMPANHA,"Registro tecnicamente candidato conforme legado, mas campanha ainda nao foi autorizada explicitamente."
372433,59547,ID_CAMPANHA_NAO_AUTORIZADO_PELO_PRODUCT_OWNER,GATE_HUMANO_ID_CAMPANHA,"Registro tecnicamente candidato conforme legado, mas campanha ainda nao foi autorizada explicitamente."
372438,59516,ID_CAMPANHA_NAO_AUTORIZADO_PELO_PRODUCT_OWNER,GATE_HUMANO_ID_CAMPANHA,"Registro tecnicamente candidato conforme legado, mas campanha ainda nao foi autorizada explicitamente."
372439,59498,ID_CAMPANHA_NAO_AUTORIZADO_PELO_PRODUCT_OWNER,GATE_HUMANO_ID_CAMPANHA,"Registro tecnicamente candidato conforme legado, mas campanha ainda nao foi autorizada explicitamente."
372440,59498,ID_CAMPANHA_NAO_AUTORIZADO_PELO_PRODUCT_OWNER,GATE_HUMANO_ID_CAMPANHA,"Registro tecnicamente candidato conforme legado, mas campanha ainda nao foi autorizada explicitamente."
372441,59498,ID_CAMPANHA_NAO_AUTORIZADO_PELO_PRODUCT_OWNER,GATE_HUMANO_ID_CAMPANHA,"Registro tecnicamente candidato conforme legado, mas campanha ainda nao foi autorizada explicitamente."
372442,59498,ID_CAMPANHA_NAO_AUTORIZADO_PELO_PRODUCT_OWNER,GATE_HUMANO_ID_CAMPANHA,"Registro tecnicamente candidato conforme legado, mas campanha ainda nao foi autorizada explicitamente."
372446,59534,ID_CAMPANHA_NAO_AUTORIZADO_PELO_PRODUCT_OWNER,GATE_HUMANO_ID_CAMPANHA,"Registro tecnicamente candidato conforme legado, mas campanha ainda nao foi autorizada explicitamente."
372447,59560,ID_CAMPANHA_NAO_AUTORIZADO_PELO_PRODUCT_OWNER,GATE_HUMANO_ID_CAMPANHA,"Registro tecnicamente candidato conforme legado, mas campanha ainda nao foi autorizada explicitamente."
372451,59535,ID_CAMPANHA_NAO_AUTORIZADO_PELO_PRODUCT_OWNER,GATE_HUMANO_ID_CAMPANHA,"Registro tecnicamente candidato conforme legado, mas campanha ainda nao foi autorizada explicitamente."
372471,59533,ID_CAMPANHA_NAO_AUTORIZADO_PELO_PRODUCT_OWNER,GATE_HUMANO_ID_CAMPANHA,"Registro tecnicamente candidato conforme legado, mas campanha ainda nao foi autorizada explicitamente."
372472,59533,ID_CAMPANHA_NAO_AUTORIZADO_PELO_PRODUCT_OWNER,GATE_HUMANO_ID_CAMPANHA,"Registro tecnicamente candidato conforme legado, mas campanha ainda nao foi autorizada explicitamente."
372474,59536,ID_CAMPANHA_NAO_AUTORIZADO_PELO_PRODUCT_OWNER,GATE_HUMANO_ID_CAMPANHA,"Registro tecnicamente candidato conforme legado, mas campanha ainda nao foi autorizada explicitamente."
372475,59587,ID_CAMPANHA_NAO_AUTORIZADO_PELO_PRODUCT_OWNER,GATE_HUMANO_ID_CAMPANHA,"Registro tecnicamente candidato conforme legado, mas campanha ainda nao foi autorizada explicitamente."
372476,59587,ID_CAMPANHA_NAO_AUTORIZADO_PELO_PRODUCT_OWNER,GATE_HUMANO_ID_CAMPANHA,"Registro tecnicamente candidato conforme legado, mas campanha ainda nao foi autorizada explicitamente."
372477,59587,ID_CAMPANHA_NAO_AUTORIZADO_PELO_PRODUCT_OWNER,GATE_HUMANO_ID_CAMPANHA,"Registro tecnicamente candidato conforme legado, mas campanha ainda nao foi autorizada explicitamente."
372478,59587,ID_CAMPANHA_NAO_AUTORIZADO_PELO_PRODUCT_OWNER,GATE_HUMANO_ID_CAMPANHA,"Registro tecnicamente candidato conforme legado, mas campanha ainda nao foi autorizada explicitamente."
372479,59525,ID_CAMPANHA_NAO_AUTORIZADO_PELO_PRODUCT_OWNER,GATE_HUMANO_ID_CAMPANHA,"Registro tecnicamente candidato conforme legado, mas campanha ainda nao foi autorizada explicitamente."
372480,59497,ID_CAMPANHA_NAO_AUTORIZADO_PELO_PRODUCT_OWNER,GATE_HUMANO_ID_CAMPANHA,"Registro tecnicamente candidato conforme legado, mas campanha ainda nao foi autorizada explicitamente."
372481,59497,ID_CAMPANHA_NAO_AUTORIZADO_PELO_PRODUCT_OWNER,GATE_HUMANO_ID_CAMPANHA,"Registro tecnicamente candidato conforme legado, mas campanha ainda nao foi autorizada explicitamente."
372526,59555,ID_CAMPANHA_NAO_AUTORIZADO_PELO_PRODUCT_OWNER,GATE_HUMANO_ID_CAMPANHA,"Registro tecnicamente candidato conforme legado, mas campanha ainda nao foi autorizada explicitamente."
372527,59555,ID_CAMPANHA_NAO_AUTORIZADO_PELO_PRODUCT_OWNER,GATE_HUMANO_ID_CAMPANHA,"Registro tecnicamente candidato conforme legado, mas campanha ainda nao foi autorizada explicitamente."
372536,59592,ID_CAMPANHA_NAO_AUTORIZADO_PELO_PRODUCT_OWNER,GATE_HUMANO_ID_CAMPANHA,"Registro tecnicamente candidato conforme legado, mas campanha ainda nao foi autorizada explicitamente."
372537,59479,ID_CAMPANHA_NAO_AUTORIZADO_PELO_PRODUCT_OWNER,GATE_HUMANO_ID_CAMPANHA,"Registro tecnicamente candidato conforme legado, mas campanha ainda nao foi autorizada explicitamente."
372539,59479,ID_CAMPANHA_NAO_AUTORIZADO_PELO_PRODUCT_OWNER,GATE_HUMANO_ID_CAMPANHA,"Registro tecnicamente candidato conforme legado, mas campanha ainda nao foi autorizada explicitamente."
372540,59479,ID_CAMPANHA_NAO_AUTORIZADO_PELO_PRODUCT_OWNER,GATE_HUMANO_ID_CAMPANHA,"Registro tecnicamente candidato conforme legado, mas campanha ainda nao foi autorizada explicitamente."
372541,59479,ID_CAMPANHA_NAO_AUTORIZADO_PELO_PRODUCT_OWNER,GATE_HUMANO_ID_CAMPANHA,"Registro tecnicamente candidato conforme legado, mas campanha ainda nao foi autorizada explicitamente."
372557,59499,ID_CAMPANHA_NAO_AUTORIZADO_PELO_PRODUCT_OWNER,GATE_HUMANO_ID_CAMPANHA,"Registro tecnicamente candidato conforme legado, mas campanha ainda nao foi autorizada explicitamente."
372558,59499,ID_CAMPANHA_NAO_AUTORIZADO_PELO_PRODUCT_OWNER,GATE_HUMANO_ID_CAMPANHA,"Registro tecnicamente candidato conforme legado, mas campanha ainda nao foi autorizada explicitamente."
372666,59574,ID_CAMPANHA_NAO_AUTORIZADO_PELO_PRODUCT_OWNER,GATE_HUMANO_ID_CAMPANHA,"Registro tecnicamente candidato conforme legado, mas campanha ainda nao foi autorizada explicitamente."
372669,59474,ID_CAMPANHA_NAO_AUTORIZADO_PELO_PRODUCT_OWNER,GATE_HUMANO_ID_CAMPANHA,"Registro tecnicamente candidato conforme legado, mas campanha ainda nao foi autorizada explicitamente."
372697,59500,ID_CAMPANHA_NAO_AUTORIZADO_PELO_PRODUCT_OWNER,GATE_HUMANO_ID_CAMPANHA,"Registro tecnicamente candidato conforme legado, mas campanha ainda nao foi autorizada explicitamente."
372698,59500,ID_CAMPANHA_NAO_AUTORIZADO_PELO_PRODUCT_OWNER,GATE_HUMANO_ID_CAMPANHA,"Registro tecnicamente candidato conforme legado, mas campanha ainda nao foi autorizada explicitamente."
372699,59500,ID_CAMPANHA_NAO_AUTORIZADO_PELO_PRODUCT_OWNER,GATE_HUMANO_ID_CAMPANHA,"Registro tecnicamente candidato conforme legado, mas campanha ainda nao foi autorizada explicitamente."
372704,59594,ID_CAMPANHA_NAO_AUTORIZADO_PELO_PRODUCT_OWNER,GATE_HUMANO_ID_CAMPANHA,"Registro tecnicamente candidato conforme legado, mas campanha ainda nao foi autorizada explicitamente."
372706,59594,ID_CAMPANHA_NAO_AUTORIZADO_PELO_PRODUCT_OWNER,GATE_HUMANO_ID_CAMPANHA,"Registro tecnicamente candidato conforme legado, mas campanha ainda nao foi autorizada explicitamente."
372707,59594,ID_CAMPANHA_NAO_AUTORIZADO_PELO_PRODUCT_OWNER,GATE_HUMANO_ID_CAMPANHA,"Registro tecnicamente candidato conforme legado, mas campanha ainda nao foi autorizada explicitamente."
372714,59612,ID_CAMPANHA_NAO_AUTORIZADO_PELO_PRODUCT_OWNER,GATE_HUMANO_ID_CAMPANHA,"Registro tecnicamente candidato conforme legado, mas campanha ainda nao foi autorizada explicitamente."
372715,59612,ID_CAMPANHA_NAO_AUTORIZADO_PELO_PRODUCT_OWNER,GATE_HUMANO_ID_CAMPANHA,"Registro tecnicamente candidato conforme legado, mas campanha ainda nao foi autorizada explicitamente."
372716,59612,ID_CAMPANHA_NAO_AUTORIZADO_PELO_PRODUCT_OWNER,GATE_HUMANO_ID_CAMPANHA,"Registro tecnicamente candidato conforme legado, mas campanha ainda nao foi autorizada explicitamente."
372717,59612,ID_CAMPANHA_NAO_AUTORIZADO_PELO_PRODUCT_OWNER,GATE_HUMANO_ID_CAMPANHA,"Registro tecnicamente candidato conforme legado, mas campanha ainda nao foi autorizada explicitamente."
372718,59612,ID_CAMPANHA_NAO_AUTORIZADO_PELO_PRODUCT_OWNER,GATE_HUMANO_ID_CAMPANHA,"Registro tecnicamente candidato conforme legado, mas campanha ainda nao foi autorizada explicitamente."
372719,59612,ID_CAMPANHA_NAO_AUTORIZADO_PELO_PRODUCT_OWNER,GATE_HUMANO_ID_CAMPANHA,"Registro tecnicamente candidato conforme legado, mas campanha ainda nao foi autorizada explicitamente."
372752,55453,ID_CAMPANHA_NAO_AUTORIZADO_PELO_PRODUCT_OWNER,GATE_HUMANO_ID_CAMPANHA,"Registro tecnicamente candidato conforme legado, mas campanha ainda nao foi autorizada explicitamente."
372754,55454,ID_CAMPANHA_NAO_AUTORIZADO_PELO_PRODUCT_OWNER,GATE_HUMANO_ID_CAMPANHA,"Registro tecnicamente candidato conforme legado, mas campanha ainda nao foi autorizada explicitamente."
372755,55453,ID_CAMPANHA_NAO_AUTORIZADO_PELO_PRODUCT_OWNER,GATE_HUMANO_ID_CAMPANHA,"Registro tecnicamente candidato conforme legado, mas campanha ainda nao foi autorizada explicitamente."
372756,55453,ID_CAMPANHA_NAO_AUTORIZADO_PELO_PRODUCT_OWNER,GATE_HUMANO_ID_CAMPANHA,"Registro tecnicamente candidato conforme legado, mas campanha ainda nao foi autorizada explicitamente."
372831,59481,ID_CAMPANHA_NAO_AUTORIZADO_PELO_PRODUCT_OWNER,GATE_HUMANO_ID_CAMPANHA,"Registro tecnicamente candidato conforme legado, mas campanha ainda nao foi autorizada explicitamente."
372920,07448,ID_CAMPANHA_NAO_AUTORIZADO_PELO_PRODUCT_OWNER,GATE_HUMANO_ID_CAMPANHA,"Registro tecnicamente candidato conforme legado, mas campanha ainda nao foi autorizada explicitamente."
372922,07448,ID_CAMPANHA_NAO_AUTORIZADO_PELO_PRODUCT_OWNER,GATE_HUMANO_ID_CAMPANHA,"Registro tecnicamente candidato conforme legado, mas campanha ainda nao foi autorizada explicitamente."
372923,07448,ID_CAMPANHA_NAO_AUTORIZADO_PELO_PRODUCT_OWNER,GATE_HUMANO_ID_CAMPANHA,"Registro tecnicamente candidato conforme legado, mas campanha ainda nao foi autorizada explicitamente."
372927,07742,ID_CAMPANHA_NAO_AUTORIZADO_PELO_PRODUCT_OWNER,GATE_HUMANO_ID_CAMPANHA,"Registro tecnicamente candidato conforme legado, mas campanha ainda nao foi autorizada explicitamente."
372928,07448,ID_CAMPANHA_NAO_AUTORIZADO_PELO_PRODUCT_OWNER,GATE_HUMANO_ID_CAMPANHA,"Registro tecnicamente candidato conforme legado, mas campanha ainda nao foi autorizada explicitamente."
372931,07742,ID_CAMPANHA_NAO_AUTORIZADO_PELO_PRODUCT_OWNER,GATE_HUMANO_ID_CAMPANHA,"Registro tecnicamente candidato conforme legado, mas campanha ainda nao foi autorizada explicitamente."
372932,05052,ID_CAMPANHA_NAO_AUTORIZADO_PELO_PRODUCT_OWNER,GATE_HUMANO_ID_CAMPANHA,"Registro tecnicamente candidato conforme legado, mas campanha ainda nao foi autorizada explicitamente."
372936,07448,ID_CAMPANHA_NAO_AUTORIZADO_PELO_PRODUCT_OWNER,GATE_HUMANO_ID_CAMPANHA,"Registro tecnicamente candidato conforme legado, mas campanha ainda nao foi autorizada explicitamente."
372938,07448,ID_CAMPANHA_NAO_AUTORIZADO_PELO_PRODUCT_OWNER,GATE_HUMANO_ID_CAMPANHA,"Registro tecnicamente candidato conforme legado, mas campanha ainda nao foi autorizada explicitamente."
372981,59498,ID_CAMPANHA_NAO_AUTORIZADO_PELO_PRODUCT_OWNER,GATE_HUMANO_ID_CAMPANHA,"Registro tecnicamente candidato conforme legado, mas campanha ainda nao foi autorizada explicitamente."
372988,59534,ID_CAMPANHA_NAO_AUTORIZADO_PELO_PRODUCT_OWNER,GATE_HUMANO_ID_CAMPANHA,"Registro tecnicamente candidato conforme legado, mas campanha ainda nao foi autorizada explicitamente."
372989,59534,ID_CAMPANHA_NAO_AUTORIZADO_PELO_PRODUCT_OWNER,GATE_HUMANO_ID_CAMPANHA,"Registro tecnicamente candidato conforme legado, mas campanha ainda nao foi autorizada explicitamente."
373022,59500,ID_CAMPANHA_NAO_AUTORIZADO_PELO_PRODUCT_OWNER,GATE_HUMANO_ID_CAMPANHA,"Registro tecnicamente candidato conforme legado, mas campanha ainda nao foi autorizada explicitamente."
373028,59504,ID_CAMPANHA_NAO_AUTORIZADO_PELO_PRODUCT_OWNER,GATE_HUMANO_ID_CAMPANHA,"Registro tecnicamente candidato conforme legado, mas campanha ainda nao foi autorizada explicitamente."
373053,59564,ID_CAMPANHA_NAO_AUTORIZADO_PELO_PRODUCT_OWNER,GATE_HUMANO_ID_CAMPANHA,"Registro tecnicamente candidato conforme legado, mas campanha ainda nao foi autorizada explicitamente."
373054,60045,ID_CAMPANHA_NAO_AUTORIZADO_PELO_PRODUCT_OWNER,GATE_HUMANO_ID_CAMPANHA,"Registro tecnicamente candidato conforme legado, mas campanha ainda nao foi autorizada explicitamente."
373056,59564,ID_CAMPANHA_NAO_AUTORIZADO_PELO_PRODUCT_OWNER,GATE_HUMANO_ID_CAMPANHA,"Registro tecnicamente candidato conforme legado, mas campanha ainda nao foi autorizada explicitamente."
373078,59567,ID_CAMPANHA_NAO_AUTORIZADO_PELO_PRODUCT_OWNER,GATE_HUMANO_ID_CAMPANHA,"Registro tecnicamente candidato conforme legado, mas campanha ainda nao foi autorizada explicitamente."
373079,59567,ID_CAMPANHA_NAO_AUTORIZADO_PELO_PRODUCT_OWNER,GATE_HUMANO_ID_CAMPANHA,"Registro tecnicamente candidato conforme legado, mas campanha ainda nao foi autorizada explicitamente."
373080,59567,ID_CAMPANHA_NAO_AUTORIZADO_PELO_PRODUCT_OWNER,GATE_HUMANO_ID_CAMPANHA,"Registro tecnicamente candidato conforme legado, mas campanha ainda nao foi autorizada explicitamente."
373081,59567,ID_CAMPANHA_NAO_AUTORIZADO_PELO_PRODUCT_OWNER,GATE_HUMANO_ID_CAMPANHA,"Registro tecnicamente candidato conforme legado, mas campanha ainda nao foi autorizada explicitamente."
373084,59504,ID_CAMPANHA_NAO_AUTORIZADO_PELO_PRODUCT_OWNER,GATE_HUMANO_ID_CAMPANHA,"Registro tecnicamente candidato conforme legado, mas campanha ainda nao foi autorizada explicitamente."
373085,59504,ID_CAMPANHA_NAO_AUTORIZADO_PELO_PRODUCT_OWNER,GATE_HUMANO_ID_CAMPANHA,"Registro tecnicamente candidato conforme legado, mas campanha ainda nao foi autorizada explicitamente."
373086,59504,ID_CAMPANHA_NAO_AUTORIZADO_PELO_PRODUCT_OWNER,GATE_HUMANO_ID_CAMPANHA,"Registro tecnicamente candidato conforme legado, mas campanha ainda nao foi autorizada explicitamente."
373087,59538,ID_CAMPANHA_NAO_AUTORIZADO_PELO_PRODUCT_OWNER,GATE_HUMANO_ID_CAMPANHA,"Registro tecnicamente candidato conforme legado, mas campanha ainda nao foi autorizada explicitamente."
373088,59538,ID_CAMPANHA_NAO_AUTORIZADO_PELO_PRODUCT_OWNER,GATE_HUMANO_ID_CAMPANHA,"Registro tecnicamente candidato conforme legado, mas campanha ainda nao foi autorizada explicitamente."
373090,59538,ID_CAMPANHA_NAO_AUTORIZADO_PELO_PRODUCT_OWNER,GATE_HUMANO_ID_CAMPANHA,"Registro tecnicamente candidato conforme legado, mas campanha ainda nao foi autorizada explicitamente."
373091,59538,ID_CAMPANHA_NAO_AUTORIZADO_PELO_PRODUCT_OWNER,GATE_HUMANO_ID_CAMPANHA,"Registro tecnicamente candidato conforme legado, mas campanha ainda nao foi autorizada explicitamente."
373092,59599,ID_CAMPANHA_NAO_AUTORIZADO_PELO_PRODUCT_OWNER,GATE_HUMANO_ID_CAMPANHA,"Registro tecnicamente candidato conforme legado, mas campanha ainda nao foi autorizada explicitamente."
373093,59599,ID_CAMPANHA_NAO_AUTORIZADO_PELO_PRODUCT_OWNER,GATE_HUMANO_ID_CAMPANHA,"Registro tecnicamente candidato conforme legado, mas campanha ainda nao foi autorizada explicitamente."
373094,59599,ID_CAMPANHA_NAO_AUTORIZADO_PELO_PRODUCT_OWNER,GATE_HUMANO_ID_CAMPANHA,"Registro tecnicamente candidato conforme legado, mas campanha ainda nao foi autorizada explicitamente."
373096,59599,ID_CAMPANHA_NAO_AUTORIZADO_PELO_PRODUCT_OWNER,GATE_HUMANO_ID_CAMPANHA,"Registro tecnicamente candidato conforme legado, mas campanha ainda nao foi autorizada explicitamente."
373098,59600,ID_CAMPANHA_NAO_AUTORIZADO_PELO_PRODUCT_OWNER,GATE_HUMANO_ID_CAMPANHA,"Registro tecnicamente candidato conforme legado, mas campanha ainda nao foi autorizada explicitamente."
373099,59600,ID_CAMPANHA_NAO_AUTORIZADO_PELO_PRODUCT_OWNER,GATE_HUMANO_ID_CAMPANHA,"Registro tecnicamente candidato conforme legado, mas campanha ainda nao foi autorizada explicitamente."
373108,59463,ID_CAMPANHA_NAO_AUTORIZADO_PELO_PRODUCT_OWNER,GATE_HUMANO_ID_CAMPANHA,"Registro tecnicamente candidato conforme legado, mas campanha ainda nao foi autorizada explicitamente."
373109,59463,ID_CAMPANHA_NAO_AUTORIZADO_PELO_PRODUCT_OWNER,GATE_HUMANO_ID_CAMPANHA,"Registro tecnicamente candidato conforme legado, mas campanha ainda nao foi autorizada explicitamente."
373110,59463,ID_CAMPANHA_NAO_AUTORIZADO_PELO_PRODUCT_OWNER,GATE_HUMANO_ID_CAMPANHA,"Registro tecnicamente candidato conforme legado, mas campanha ainda nao foi autorizada explicitamente."
373111,59463,ID_CAMPANHA_NAO_AUTORIZADO_PELO_PRODUCT_OWNER,GATE_HUMANO_ID_CAMPANHA,"Registro tecnicamente candidato conforme legado, mas campanha ainda nao foi autorizada explicitamente."
373113,59524,ID_CAMPANHA_NAO_AUTORIZADO_PELO_PRODUCT_OWNER,GATE_HUMANO_ID_CAMPANHA,"Registro tecnicamente candidato conforme legado, mas campanha ainda nao foi autorizada explicitamente."
373114,59524,ID_CAMPANHA_NAO_AUTORIZADO_PELO_PRODUCT_OWNER,GATE_HUMANO_ID_CAMPANHA,"Registro tecnicamente candidato conforme legado, mas campanha ainda nao foi autorizada explicitamente."
373116,59524,ID_CAMPANHA_NAO_AUTORIZADO_PELO_PRODUCT_OWNER,GATE_HUMANO_ID_CAMPANHA,"Registro tecnicamente candidato conforme legado, mas campanha ainda nao foi autorizada explicitamente."
373117,59524,ID_CAMPANHA_NAO_AUTORIZADO_PELO_PRODUCT_OWNER,GATE_HUMANO_ID_CAMPANHA,"Registro tecnicamente candidato conforme legado, mas campanha ainda nao foi autorizada explicitamente."
373142,59594,ID_CAMPANHA_NAO_AUTORIZADO_PELO_PRODUCT_OWNER,GATE_HUMANO_ID_CAMPANHA,"Registro tecnicamente candidato conforme legado, mas campanha ainda nao foi autorizada explicitamente."
373170,59481,ID_CAMPANHA_NAO_AUTORIZADO_PELO_PRODUCT_OWNER,GATE_HUMANO_ID_CAMPANHA,"Registro tecnicamente candidato conforme legado, mas campanha ainda nao foi autorizada explicitamente."
373184,05024,ID_CAMPANHA_NAO_AUTORIZADO_PELO_PRODUCT_OWNER,GATE_HUMANO_ID_CAMPANHA,"Registro tecnicamente candidato conforme legado, mas campanha ainda nao foi autorizada explicitamente."
373184,07448,ID_CAMPANHA_NAO_AUTORIZADO_PELO_PRODUCT_OWNER,GATE_HUMANO_ID_CAMPANHA,"Registro tecnicamente candidato conforme legado, mas campanha ainda nao foi autorizada explicitamente."
373199,07742,ID_CAMPANHA_NAO_AUTORIZADO_PELO_PRODUCT_OWNER,GATE_HUMANO_ID_CAMPANHA,"Registro tecnicamente candidato conforme legado, mas campanha ainda nao foi autorizada explicitamente."
373202,05024,ID_CAMPANHA_NAO_AUTORIZADO_PELO_PRODUCT_OWNER,GATE_HUMANO_ID_CAMPANHA,"Registro tecnicamente candidato conforme legado, mas campanha ainda nao foi autorizada explicitamente."
373203,2276,ID_CAMPANHA_NAO_AUTORIZADO_PELO_PRODUCT_OWNER,GATE_HUMANO_ID_CAMPANHA,"Registro tecnicamente candidato conforme legado, mas campanha ainda nao foi autorizada explicitamente."
373206,0105,ID_CAMPANHA_NAO_AUTORIZADO_PELO_PRODUCT_OWNER,GATE_HUMANO_ID_CAMPANHA,"Registro tecnicamente candidato conforme legado, mas campanha ainda nao foi autorizada explicitamente."
373207,0105,ID_CAMPANHA_NAO_AUTORIZADO_PELO_PRODUCT_OWNER,GATE_HUMANO_ID_CAMPANHA,"Registro tecnicamente candidato conforme legado, mas campanha ainda nao foi autorizada explicitamente."
373218,2276,ID_CAMPANHA_NAO_AUTORIZADO_PELO_PRODUCT_OWNER,GATE_HUMANO_ID_CAMPANHA,"Registro tecnicamente candidato conforme legado, mas campanha ainda nao foi autorizada explicitamente."
373236,2276,ID_CAMPANHA_NAO_AUTORIZADO_PELO_PRODUCT_OWNER,GATE_HUMANO_ID_CAMPANHA,"Registro tecnicamente candidato conforme legado, mas campanha ainda nao foi autorizada explicitamente."
373279,02025,ID_CAMPANHA_NAO_AUTORIZADO_PELO_PRODUCT_OWNER,GATE_HUMANO_ID_CAMPANHA,"Registro tecnicamente candidato conforme legado, mas campanha ainda nao foi autorizada explicitamente."
373279,07448,ID_CAMPANHA_NAO_AUTORIZADO_PELO_PRODUCT_OWNER,GATE_HUMANO_ID_CAMPANHA,"Registro tecnicamente candidato conforme legado, mas campanha ainda nao foi autorizada explicitamente."
373281,05052,ID_CAMPANHA_NAO_AUTORIZADO_PELO_PRODUCT_OWNER,GATE_HUMANO_ID_CAMPANHA,"Registro tecnicamente candidato conforme legado, mas campanha ainda nao foi autorizada explicitamente."
373281,07448,ID_CAMPANHA_NAO_AUTORIZADO_PELO_PRODUCT_OWNER,GATE_HUMANO_ID_CAMPANHA,"Registro tecnicamente candidato conforme legado, mas campanha ainda nao foi autorizada explicitamente."
373285,59557,ID_CAMPANHA_NAO_AUTORIZADO_PELO_PRODUCT_OWNER,GATE_HUMANO_ID_CAMPANHA,"Registro tecnicamente candidato conforme legado, mas campanha ainda nao foi autorizada explicitamente."
373286,07448,ID_CAMPANHA_NAO_AUTORIZADO_PELO_PRODUCT_OWNER,GATE_HUMANO_ID_CAMPANHA,"Registro tecnicamente candidato conforme legado, mas campanha ainda nao foi autorizada explicitamente."
373288,07448,ID_CAMPANHA_NAO_AUTORIZADO_PELO_PRODUCT_OWNER,GATE_HUMANO_ID_CAMPANHA,"Registro tecnicamente candidato conforme legado, mas campanha ainda nao foi autorizada explicitamente."
373291,07448,ID_CAMPANHA_NAO_AUTORIZADO_PELO_PRODUCT_OWNER,GATE_HUMANO_ID_CAMPANHA,"Registro tecnicamente candidato conforme legado, mas campanha ainda nao foi autorizada explicitamente."
373311,07448,ID_CAMPANHA_NAO_AUTORIZADO_PELO_PRODUCT_OWNER,GATE_HUMANO_ID_CAMPANHA,"Registro tecnicamente candidato conforme legado, mas campanha ainda nao foi autorizada explicitamente."
373311,11069,ID_CAMPANHA_NAO_AUTORIZADO_PELO_PRODUCT_OWNER,GATE_HUMANO_ID_CAMPANHA,"Registro tecnicamente candidato conforme legado, mas campanha ainda nao foi autorizada explicitamente."
373312,07039,ID_CAMPANHA_NAO_AUTORIZADO_PELO_PRODUCT_OWNER,GATE_HUMANO_ID_CAMPANHA,"Registro tecnicamente candidato conforme legado, mas campanha ainda nao foi autorizada explicitamente."
373312,07448,ID_CAMPANHA_NAO_AUTORIZADO_PELO_PRODUCT_OWNER,GATE_HUMANO_ID_CAMPANHA,"Registro tecnicamente candidato conforme legado, mas campanha ainda nao foi autorizada explicitamente."
373312,07847,ID_CAMPANHA_NAO_AUTORIZADO_PELO_PRODUCT_OWNER,GATE_HUMANO_ID_CAMPANHA,"Registro tecnicamente candidato conforme legado, mas campanha ainda nao foi autorizada explicitamente."
373314,07448,ID_CAMPANHA_NAO_AUTORIZADO_PELO_PRODUCT_OWNER,GATE_HUMANO_ID_CAMPANHA,"Registro tecnicamente candidato conforme legado, mas campanha ainda nao foi autorizada explicitamente."
373315,04097,ID_CAMPANHA_NAO_AUTORIZADO_PELO_PRODUCT_OWNER,GATE_HUMANO_ID_CAMPANHA,"Registro tecnicamente candidato conforme legado, mas campanha ainda nao foi autorizada explicitamente."
373404,0109,ID_CAMPANHA_NAO_AUTORIZADO_PELO_PRODUCT_OWNER,GATE_HUMANO_ID_CAMPANHA,"Registro tecnicamente candidato conforme legado, mas campanha ainda nao foi autorizada explicitamente."
373406,0109,ID_CAMPANHA_NAO_AUTORIZADO_PELO_PRODUCT_OWNER,GATE_HUMANO_ID_CAMPANHA,"Registro tecnicamente candidato conforme legado, mas campanha ainda nao foi autorizada explicitamente."
373407,0109,ID_CAMPANHA_NAO_AUTORIZADO_PELO_PRODUCT_OWNER,GATE_HUMANO_ID_CAMPANHA,"Registro tecnicamente candidato conforme legado, mas campanha ainda nao foi autorizada explicitamente."
373408,0109,ID_CAMPANHA_NAO_AUTORIZADO_PELO_PRODUCT_OWNER,GATE_HUMANO_ID_CAMPANHA,"Registro tecnicamente candidato conforme legado, mas campanha ainda nao foi autorizada explicitamente."
373409,0101,ID_CAMPANHA_NAO_AUTORIZADO_PELO_PRODUCT_OWNER,GATE_HUMANO_ID_CAMPANHA,"Registro tecnicamente candidato conforme legado, mas campanha ainda nao foi autorizada explicitamente."
373410,0101,ID_CAMPANHA_NAO_AUTORIZADO_PELO_PRODUCT_OWNER,GATE_HUMANO_ID_CAMPANHA,"Registro tecnicamente candidato conforme legado, mas campanha ainda nao foi autorizada explicitamente."
373420,0101,ID_CAMPANHA_NAO_AUTORIZADO_PELO_PRODUCT_OWNER,GATE_HUMANO_ID_CAMPANHA,"Registro tecnicamente candidato conforme legado, mas campanha ainda nao foi autorizada explicitamente."
373421,0101,ID_CAMPANHA_NAO_AUTORIZADO_PELO_PRODUCT_OWNER,GATE_HUMANO_ID_CAMPANHA,"Registro tecnicamente candidato conforme legado, mas campanha ainda nao foi autorizada explicitamente."
373423,0105,ID_CAMPANHA_NAO_AUTORIZADO_PELO_PRODUCT_OWNER,GATE_HUMANO_ID_CAMPANHA,"Registro tecnicamente candidato conforme legado, mas campanha ainda nao foi autorizada explicitamente."
373443,0109,ID_CAMPANHA_NAO_AUTORIZADO_PELO_PRODUCT_OWNER,GATE_HUMANO_ID_CAMPANHA,"Registro tecnicamente candidato conforme legado, mas campanha ainda nao foi autorizada explicitamente."
373445,0003,ID_CAMPANHA_NAO_AUTORIZADO_PELO_PRODUCT_OWNER,GATE_HUMANO_ID_CAMPANHA,"Registro tecnicamente candidato conforme legado, mas campanha ainda nao foi autorizada explicitamente."
373449,0101,ID_CAMPANHA_NAO_AUTORIZADO_PELO_PRODUCT_OWNER,GATE_HUMANO_ID_CAMPANHA,"Registro tecnicamente candidato conforme legado, mas campanha ainda nao foi autorizada explicitamente."
373450,0101,ID_CAMPANHA_NAO_AUTORIZADO_PELO_PRODUCT_OWNER,GATE_HUMANO_ID_CAMPANHA,"Registro tecnicamente candidato conforme legado, mas campanha ainda nao foi autorizada explicitamente."
373451,0105,ID_CAMPANHA_NAO_AUTORIZADO_PELO_PRODUCT_OWNER,GATE_HUMANO_ID_CAMPANHA,"Registro tecnicamente candidato conforme legado, mas campanha ainda nao foi autorizada explicitamente."
373839,59503,ID_CAMPANHA_NAO_AUTORIZADO_PELO_PRODUCT_OWNER,GATE_HUMANO_ID_CAMPANHA,"Registro tecnicamente candidato conforme legado, mas campanha ainda nao foi autorizada explicitamente."
373840,59503,ID_CAMPANHA_NAO_AUTORIZADO_PELO_PRODUCT_OWNER,GATE_HUMANO_ID_CAMPANHA,"Registro tecnicamente candidato conforme legado, mas campanha ainda nao foi autorizada explicitamente."
373841,59503,ID_CAMPANHA_NAO_AUTORIZADO_PELO_PRODUCT_OWNER,GATE_HUMANO_ID_CAMPANHA,"Registro tecnicamente candidato conforme legado, mas campanha ainda nao foi autorizada explicitamente."
373852,05052,ID_CAMPANHA_NAO_AUTORIZADO_PELO_PRODUCT_OWNER,GATE_HUMANO_ID_CAMPANHA,"Registro tecnicamente candidato conforme legado, mas campanha ainda nao foi autorizada explicitamente."
373857,0105,ID_CAMPANHA_NAO_AUTORIZADO_PELO_PRODUCT_OWNER,GATE_HUMANO_ID_CAMPANHA,"Registro tecnicamente candidato conforme legado, mas campanha ainda nao foi autorizada explicitamente."
373942,0013,ID_CAMPANHA_NAO_AUTORIZADO_PELO_PRODUCT_OWNER,GATE_HUMANO_ID_CAMPANHA,"Registro tecnicamente candidato conforme legado, mas campanha ainda nao foi autorizada explicitamente."
373943,07836,ID_CAMPANHA_NAO_AUTORIZADO_PELO_PRODUCT_OWNER,GATE_HUMANO_ID_CAMPANHA,"Registro tecnicamente candidato conforme legado, mas campanha ainda nao foi autorizada explicitamente."
373943,11069,ID_CAMPANHA_NAO_AUTORIZADO_PELO_PRODUCT_OWNER,GATE_HUMANO_ID_CAMPANHA,"Registro tecnicamente candidato conforme legado, mas campanha ainda nao foi autorizada explicitamente."
373943,5336,ID_CAMPANHA_NAO_AUTORIZADO_PELO_PRODUCT_OWNER,GATE_HUMANO_ID_CAMPANHA,"Registro tecnicamente candidato conforme legado, mas campanha ainda nao foi autorizada explicitamente."
373944,2276,ID_CAMPANHA_NAO_AUTORIZADO_PELO_PRODUCT_OWNER,GATE_HUMANO_ID_CAMPANHA,"Registro tecnicamente candidato conforme legado, mas campanha ainda nao foi autorizada explicitamente."
373968,0013,ID_CAMPANHA_NAO_AUTORIZADO_PELO_PRODUCT_OWNER,GATE_HUMANO_ID_CAMPANHA,"Registro tecnicamente candidato conforme legado, mas campanha ainda nao foi autorizada explicitamente."
373973,0013,ID_CAMPANHA_NAO_AUTORIZADO_PELO_PRODUCT_OWNER,GATE_HUMANO_ID_CAMPANHA,"Registro tecnicamente candidato conforme legado, mas campanha ainda nao foi autorizada explicitamente."
373982,59881,ID_CAMPANHA_NAO_AUTORIZADO_PELO_PRODUCT_OWNER,GATE_HUMANO_ID_CAMPANHA,"Registro tecnicamente candidato conforme legado, mas campanha ainda nao foi autorizada explicitamente."
374039,07448,ID_CAMPANHA_NAO_AUTORIZADO_PELO_PRODUCT_OWNER,GATE_HUMANO_ID_CAMPANHA,"Registro tecnicamente candidato conforme legado, mas campanha ainda nao foi autorizada explicitamente."
374064,59588,ID_CAMPANHA_NAO_AUTORIZADO_PELO_PRODUCT_OWNER,GATE_HUMANO_ID_CAMPANHA,"Registro tecnicamente candidato conforme legado, mas campanha ainda nao foi autorizada explicitamente."
374065,59588,ID_CAMPANHA_NAO_AUTORIZADO_PELO_PRODUCT_OWNER,GATE_HUMANO_ID_CAMPANHA,"Registro tecnicamente candidato conforme legado, mas campanha ainda nao foi autorizada explicitamente."
374066,59588,ID_CAMPANHA_NAO_AUTORIZADO_PELO_PRODUCT_OWNER,GATE_HUMANO_ID_CAMPANHA,"Registro tecnicamente candidato conforme legado, mas campanha ainda nao foi autorizada explicitamente."
374088,07448,ID_CAMPANHA_NAO_AUTORIZADO_PELO_PRODUCT_OWNER,GATE_HUMANO_ID_CAMPANHA,"Registro tecnicamente candidato conforme legado, mas campanha ainda nao foi autorizada explicitamente."
374090,2276,ID_CAMPANHA_NAO_AUTORIZADO_PELO_PRODUCT_OWNER,GATE_HUMANO_ID_CAMPANHA,"Registro tecnicamente candidato conforme legado, mas campanha ainda nao foi autorizada explicitamente."
374093,0026,ID_CAMPANHA_NAO_AUTORIZADO_PELO_PRODUCT_OWNER,GATE_HUMANO_ID_CAMPANHA,"Registro tecnicamente candidato conforme legado, mas campanha ainda nao foi autorizada explicitamente."
374096,0024,ID_CAMPANHA_NAO_AUTORIZADO_PELO_PRODUCT_OWNER,GATE_HUMANO_ID_CAMPANHA,"Registro tecnicamente candidato conforme legado, mas campanha ainda nao foi autorizada explicitamente."
374105,0024,ID_CAMPANHA_NAO_AUTORIZADO_PELO_PRODUCT_OWNER,GATE_HUMANO_ID_CAMPANHA,"Registro tecnicamente candidato conforme legado, mas campanha ainda nao foi autorizada explicitamente."
374157,07448,ID_CAMPANHA_NAO_AUTORIZADO_PELO_PRODUCT_OWNER,GATE_HUMANO_ID_CAMPANHA,"Registro tecnicamente candidato conforme legado, mas campanha ainda nao foi autorizada explicitamente."
374159,07448,ID_CAMPANHA_NAO_AUTORIZADO_PELO_PRODUCT_OWNER,GATE_HUMANO_ID_CAMPANHA,"Registro tecnicamente candidato conforme legado, mas campanha ainda nao foi autorizada explicitamente."
374191,59537,ID_CAMPANHA_NAO_AUTORIZADO_PELO_PRODUCT_OWNER,GATE_HUMANO_ID_CAMPANHA,"Registro tecnicamente candidato conforme legado, mas campanha ainda nao foi autorizada explicitamente."
374202,59459,ID_CAMPANHA_NAO_AUTORIZADO_PELO_PRODUCT_OWNER,GATE_HUMANO_ID_CAMPANHA,"Registro tecnicamente candidato conforme legado, mas campanha ainda nao foi autorizada explicitamente."
374208,59535,ID_CAMPANHA_NAO_AUTORIZADO_PELO_PRODUCT_OWNER,GATE_HUMANO_ID_CAMPANHA,"Registro tecnicamente candidato conforme legado, mas campanha ainda nao foi autorizada explicitamente."
374214,59556,ID_CAMPANHA_NAO_AUTORIZADO_PELO_PRODUCT_OWNER,GATE_HUMANO_ID_CAMPANHA,"Registro tecnicamente candidato conforme legado, mas campanha ainda nao foi autorizada explicitamente."
374215,0101,ID_CAMPANHA_NAO_AUTORIZADO_PELO_PRODUCT_OWNER,GATE_HUMANO_ID_CAMPANHA,"Registro tecnicamente candidato conforme legado, mas campanha ainda nao foi autorizada explicitamente."
374231,0013,ID_CAMPANHA_NAO_AUTORIZADO_PELO_PRODUCT_OWNER,GATE_HUMANO_ID_CAMPANHA,"Registro tecnicamente candidato conforme legado, mas campanha ainda nao foi autorizada explicitamente."
374233,51293,ID_CAMPANHA_NAO_AUTORIZADO_PELO_PRODUCT_OWNER,GATE_HUMANO_ID_CAMPANHA,"Registro tecnicamente candidato conforme legado, mas campanha ainda nao foi autorizada explicitamente."
374469,59556,ID_CAMPANHA_NAO_AUTORIZADO_PELO_PRODUCT_OWNER,GATE_HUMANO_ID_CAMPANHA,"Registro tecnicamente candidato conforme legado, mas campanha ainda nao foi autorizada explicitamente."
374471,59556,ID_CAMPANHA_NAO_AUTORIZADO_PELO_PRODUCT_OWNER,GATE_HUMANO_ID_CAMPANHA,"Registro tecnicamente candidato conforme legado, mas campanha ainda nao foi autorizada explicitamente."
374497,59473,ID_CAMPANHA_NAO_AUTORIZADO_PELO_PRODUCT_OWNER,GATE_HUMANO_ID_CAMPANHA,"Registro tecnicamente candidato conforme legado, mas campanha ainda nao foi autorizada explicitamente."
374498,59473,ID_CAMPANHA_NAO_AUTORIZADO_PELO_PRODUCT_OWNER,GATE_HUMANO_ID_CAMPANHA,"Registro tecnicamente candidato conforme legado, mas campanha ainda nao foi autorizada explicitamente."
374499,59473,ID_CAMPANHA_NAO_AUTORIZADO_PELO_PRODUCT_OWNER,GATE_HUMANO_ID_CAMPANHA,"Registro tecnicamente candidato conforme legado, mas campanha ainda nao foi autorizada explicitamente."
374502,59522,ID_CAMPANHA_NAO_AUTORIZADO_PELO_PRODUCT_OWNER,GATE_HUMANO_ID_CAMPANHA,"Registro tecnicamente candidato conforme legado, mas campanha ainda nao foi autorizada explicitamente."
374504,59520,ID_CAMPANHA_NAO_AUTORIZADO_PELO_PRODUCT_OWNER,GATE_HUMANO_ID_CAMPANHA,"Registro tecnicamente candidato conforme legado, mas campanha ainda nao foi autorizada explicitamente."
374535,59612,ID_CAMPANHA_NAO_AUTORIZADO_PELO_PRODUCT_OWNER,GATE_HUMANO_ID_CAMPANHA,"Registro tecnicamente candidato conforme legado, mas campanha ainda nao foi autorizada explicitamente."
374536,59489,ID_CAMPANHA_NAO_AUTORIZADO_PELO_PRODUCT_OWNER,GATE_HUMANO_ID_CAMPANHA,"Registro tecnicamente candidato conforme legado, mas campanha ainda nao foi autorizada explicitamente."
374537,59489,ID_CAMPANHA_NAO_AUTORIZADO_PELO_PRODUCT_OWNER,GATE_HUMANO_ID_CAMPANHA,"Registro tecnicamente candidato conforme legado, mas campanha ainda nao foi autorizada explicitamente."
374720,59570,ID_CAMPANHA_NAO_AUTORIZADO_PELO_PRODUCT_OWNER,GATE_HUMANO_ID_CAMPANHA,"Registro tecnicamente candidato conforme legado, mas campanha ainda nao foi autorizada explicitamente."
374758,59535,ID_CAMPANHA_NAO_AUTORIZADO_PELO_PRODUCT_OWNER,GATE_HUMANO_ID_CAMPANHA,"Registro tecnicamente candidato conforme legado, mas campanha ainda nao foi autorizada explicitamente."
374759,59611,ID_CAMPANHA_NAO_AUTORIZADO_PELO_PRODUCT_OWNER,GATE_HUMANO_ID_CAMPANHA,"Registro tecnicamente candidato conforme legado, mas campanha ainda nao foi autorizada explicitamente."
374830,61697,ID_CAMPANHA_NAO_AUTORIZADO_PELO_PRODUCT_OWNER,GATE_HUMANO_ID_CAMPANHA,"Registro tecnicamente candidato conforme legado, mas campanha ainda nao foi autorizada explicitamente."
374833,61697,ID_CAMPANHA_NAO_AUTORIZADO_PELO_PRODUCT_OWNER,GATE_HUMANO_ID_CAMPANHA,"Registro tecnicamente candidato conforme legado, mas campanha ainda nao foi autorizada explicitamente."
374850,59526,ID_CAMPANHA_NAO_AUTORIZADO_PELO_PRODUCT_OWNER,GATE_HUMANO_ID_CAMPANHA,"Registro tecnicamente candidato conforme legado, mas campanha ainda nao foi autorizada explicitamente."
374864,59521,ID_CAMPANHA_NAO_AUTORIZADO_PELO_PRODUCT_OWNER,GATE_HUMANO_ID_CAMPANHA,"Registro tecnicamente candidato conforme legado, mas campanha ainda nao foi autorizada explicitamente."
374908,59574,ID_CAMPANHA_NAO_AUTORIZADO_PELO_PRODUCT_OWNER,GATE_HUMANO_ID_CAMPANHA,"Registro tecnicamente candidato conforme legado, mas campanha ainda nao foi autorizada explicitamente."
374910,59566,ID_CAMPANHA_NAO_AUTORIZADO_PELO_PRODUCT_OWNER,GATE_HUMANO_ID_CAMPANHA,"Registro tecnicamente candidato conforme legado, mas campanha ainda nao foi autorizada explicitamente."
374918,59526,ID_CAMPANHA_NAO_AUTORIZADO_PELO_PRODUCT_OWNER,GATE_HUMANO_ID_CAMPANHA,"Registro tecnicamente candidato conforme legado, mas campanha ainda nao foi autorizada explicitamente."
374919,59526,ID_CAMPANHA_NAO_AUTORIZADO_PELO_PRODUCT_OWNER,GATE_HUMANO_ID_CAMPANHA,"Registro tecnicamente candidato conforme legado, mas campanha ainda nao foi autorizada explicitamente."
374931,59536,ID_CAMPANHA_NAO_AUTORIZADO_PELO_PRODUCT_OWNER,GATE_HUMANO_ID_CAMPANHA,"Registro tecnicamente candidato conforme legado, mas campanha ainda nao foi autorizada explicitamente."
374934,59536,ID_CAMPANHA_NAO_AUTORIZADO_PELO_PRODUCT_OWNER,GATE_HUMANO_ID_CAMPANHA,"Registro tecnicamente candidato conforme legado, mas campanha ainda nao foi autorizada explicitamente."
374952,59489,ID_CAMPANHA_NAO_AUTORIZADO_PELO_PRODUCT_OWNER,GATE_HUMANO_ID_CAMPANHA,"Registro tecnicamente candidato conforme legado, mas campanha ainda nao foi autorizada explicitamente."
374955,59559,ID_CAMPANHA_NAO_AUTORIZADO_PELO_PRODUCT_OWNER,GATE_HUMANO_ID_CAMPANHA,"Registro tecnicamente candidato conforme legado, mas campanha ainda nao foi autorizada explicitamente."
374956,59559,ID_CAMPANHA_NAO_AUTORIZADO_PELO_PRODUCT_OWNER,GATE_HUMANO_ID_CAMPANHA,"Registro tecnicamente candidato conforme legado, mas campanha ainda nao foi autorizada explicitamente."
374959,59559,ID_CAMPANHA_NAO_AUTORIZADO_PELO_PRODUCT_OWNER,GATE_HUMANO_ID_CAMPANHA,"Registro tecnicamente candidato conforme legado, mas campanha ainda nao foi autorizada explicitamente."
374960,59559,ID_CAMPANHA_NAO_AUTORIZADO_PELO_PRODUCT_OWNER,GATE_HUMANO_ID_CAMPANHA,"Registro tecnicamente candidato conforme legado, mas campanha ainda nao foi autorizada explicitamente."
374965,59552,ID_CAMPANHA_NAO_AUTORIZADO_PELO_PRODUCT_OWNER,GATE_HUMANO_ID_CAMPANHA,"Registro tecnicamente candidato conforme legado, mas campanha ainda nao foi autorizada explicitamente."
374975,59501,ID_CAMPANHA_NAO_AUTORIZADO_PELO_PRODUCT_OWNER,GATE_HUMANO_ID_CAMPANHA,"Registro tecnicamente candidato conforme legado, mas campanha ainda nao foi autorizada explicitamente."
374977,59555,ID_CAMPANHA_NAO_AUTORIZADO_PELO_PRODUCT_OWNER,GATE_HUMANO_ID_CAMPANHA,"Registro tecnicamente candidato conforme legado, mas campanha ainda nao foi autorizada explicitamente."
374978,59501,ID_CAMPANHA_NAO_AUTORIZADO_PELO_PRODUCT_OWNER,GATE_HUMANO_ID_CAMPANHA,"Registro tecnicamente candidato conforme legado, mas campanha ainda nao foi autorizada explicitamente."
374979,59501,ID_CAMPANHA_NAO_AUTORIZADO_PELO_PRODUCT_OWNER,GATE_HUMANO_ID_CAMPANHA,"Registro tecnicamente candidato conforme legado, mas campanha ainda nao foi autorizada explicitamente."
374995,0003,ID_CAMPANHA_NAO_AUTORIZADO_PELO_PRODUCT_OWNER,GATE_HUMANO_ID_CAMPANHA,"Registro tecnicamente candidato conforme legado, mas campanha ainda nao foi autorizada explicitamente."
374997,59497,ID_CAMPANHA_NAO_AUTORIZADO_PELO_PRODUCT_OWNER,GATE_HUMANO_ID_CAMPANHA,"Registro tecnicamente candidato conforme legado, mas campanha ainda nao foi autorizada explicitamente."
374999,55390,ID_CAMPANHA_NAO_AUTORIZADO_PELO_PRODUCT_OWNER,GATE_HUMANO_ID_CAMPANHA,"Registro tecnicamente candidato conforme legado, mas campanha ainda nao foi autorizada explicitamente."
375000,55390,ID_CAMPANHA_NAO_AUTORIZADO_PELO_PRODUCT_OWNER,GATE_HUMANO_ID_CAMPANHA,"Registro tecnicamente candidato conforme legado, mas campanha ainda nao foi autorizada explicitamente."
375001,55390,ID_CAMPANHA_NAO_AUTORIZADO_PELO_PRODUCT_OWNER,GATE_HUMANO_ID_CAMPANHA,"Registro tecnicamente candidato conforme legado, mas campanha ainda nao foi autorizada explicitamente."
375006,59476,ID_CAMPANHA_NAO_AUTORIZADO_PELO_PRODUCT_OWNER,GATE_HUMANO_ID_CAMPANHA,"Registro tecnicamente candidato conforme legado, mas campanha ainda nao foi autorizada explicitamente."
375008,59459,ID_CAMPANHA_NAO_AUTORIZADO_PELO_PRODUCT_OWNER,GATE_HUMANO_ID_CAMPANHA,"Registro tecnicamente candidato conforme legado, mas campanha ainda nao foi autorizada explicitamente."
375010,59460,ID_CAMPANHA_NAO_AUTORIZADO_PELO_PRODUCT_OWNER,GATE_HUMANO_ID_CAMPANHA,"Registro tecnicamente candidato conforme legado, mas campanha ainda nao foi autorizada explicitamente."
375012,59459,ID_CAMPANHA_NAO_AUTORIZADO_PELO_PRODUCT_OWNER,GATE_HUMANO_ID_CAMPANHA,"Registro tecnicamente candidato conforme legado, mas campanha ainda nao foi autorizada explicitamente."
375048,59560,ID_CAMPANHA_NAO_AUTORIZADO_PELO_PRODUCT_OWNER,GATE_HUMANO_ID_CAMPANHA,"Registro tecnicamente candidato conforme legado, mas campanha ainda nao foi autorizada explicitamente."
375049,59576,ID_CAMPANHA_NAO_AUTORIZADO_PELO_PRODUCT_OWNER,GATE_HUMANO_ID_CAMPANHA,"Registro tecnicamente candidato conforme legado, mas campanha ainda nao foi autorizada explicitamente."
375050,59576,ID_CAMPANHA_NAO_AUTORIZADO_PELO_PRODUCT_OWNER,GATE_HUMANO_ID_CAMPANHA,"Registro tecnicamente candidato conforme legado, mas campanha ainda nao foi autorizada explicitamente."
375052,59576,ID_CAMPANHA_NAO_AUTORIZADO_PELO_PRODUCT_OWNER,GATE_HUMANO_ID_CAMPANHA,"Registro tecnicamente candidato conforme legado, mas campanha ainda nao foi autorizada explicitamente."
375053,0109,ID_CAMPANHA_NAO_AUTORIZADO_PELO_PRODUCT_OWNER,GATE_HUMANO_ID_CAMPANHA,"Registro tecnicamente candidato conforme legado, mas campanha ainda nao foi autorizada explicitamente."
375075,0024,ID_CAMPANHA_NAO_AUTORIZADO_PELO_PRODUCT_OWNER,GATE_HUMANO_ID_CAMPANHA,"Registro tecnicamente candidato conforme legado, mas campanha ainda nao foi autorizada explicitamente."
375213,59500,ID_CAMPANHA_NAO_AUTORIZADO_PELO_PRODUCT_OWNER,GATE_HUMANO_ID_CAMPANHA,"Registro tecnicamente candidato conforme legado, mas campanha ainda nao foi autorizada explicitamente."
375214,07852,ID_CAMPANHA_NAO_AUTORIZADO_PELO_PRODUCT_OWNER,GATE_HUMANO_ID_CAMPANHA,"Registro tecnicamente candidato conforme legado, mas campanha ainda nao foi autorizada explicitamente."
375217,07546,ID_CAMPANHA_NAO_AUTORIZADO_PELO_PRODUCT_OWNER,GATE_HUMANO_ID_CAMPANHA,"Registro tecnicamente candidato conforme legado, mas campanha ainda nao foi autorizada explicitamente."
375224,59489,ID_CAMPANHA_NAO_AUTORIZADO_PELO_PRODUCT_OWNER,GATE_HUMANO_ID_CAMPANHA,"Registro tecnicamente candidato conforme legado, mas campanha ainda nao foi autorizada explicitamente."
375227,07448,ID_CAMPANHA_NAO_AUTORIZADO_PELO_PRODUCT_OWNER,GATE_HUMANO_ID_CAMPANHA,"Registro tecnicamente candidato conforme legado, mas campanha ainda nao foi autorizada explicitamente."
375233,7122,ID_CAMPANHA_NAO_AUTORIZADO_PELO_PRODUCT_OWNER,GATE_HUMANO_ID_CAMPANHA,"Registro tecnicamente candidato conforme legado, mas campanha ainda nao foi autorizada explicitamente."
375237,05052,ID_CAMPANHA_NAO_AUTORIZADO_PELO_PRODUCT_OWNER,GATE_HUMANO_ID_CAMPANHA,"Registro tecnicamente candidato conforme legado, mas campanha ainda nao foi autorizada explicitamente."
375242,07488,ID_CAMPANHA_NAO_AUTORIZADO_PELO_PRODUCT_OWNER,GATE_HUMANO_ID_CAMPANHA,"Registro tecnicamente candidato conforme legado, mas campanha ainda nao foi autorizada explicitamente."
375244,07836,ID_CAMPANHA_NAO_AUTORIZADO_PELO_PRODUCT_OWNER,GATE_HUMANO_ID_CAMPANHA,"Registro tecnicamente candidato conforme legado, mas campanha ainda nao foi autorizada explicitamente."
375247,07448,ID_CAMPANHA_NAO_AUTORIZADO_PELO_PRODUCT_OWNER,GATE_HUMANO_ID_CAMPANHA,"Registro tecnicamente candidato conforme legado, mas campanha ainda nao foi autorizada explicitamente."
375248,07448,ID_CAMPANHA_NAO_AUTORIZADO_PELO_PRODUCT_OWNER,GATE_HUMANO_ID_CAMPANHA,"Registro tecnicamente candidato conforme legado, mas campanha ainda nao foi autorizada explicitamente."
375253,07448,ID_CAMPANHA_NAO_AUTORIZADO_PELO_PRODUCT_OWNER,GATE_HUMANO_ID_CAMPANHA,"Registro tecnicamente candidato conforme legado, mas campanha ainda nao foi autorizada explicitamente."
375254,1566,ID_CAMPANHA_NAO_AUTORIZADO_PELO_PRODUCT_OWNER,GATE_HUMANO_ID_CAMPANHA,"Registro tecnicamente candidato conforme legado, mas campanha ainda nao foi autorizada explicitamente."
375257,07039,ID_CAMPANHA_NAO_AUTORIZADO_PELO_PRODUCT_OWNER,GATE_HUMANO_ID_CAMPANHA,"Registro tecnicamente candidato conforme legado, mas campanha ainda nao foi autorizada explicitamente."
375260,07039,ID_CAMPANHA_NAO_AUTORIZADO_PELO_PRODUCT_OWNER,GATE_HUMANO_ID_CAMPANHA,"Registro tecnicamente candidato conforme legado, mas campanha ainda nao foi autorizada explicitamente."
375273,07722,ID_CAMPANHA_NAO_AUTORIZADO_PELO_PRODUCT_OWNER,GATE_HUMANO_ID_CAMPANHA,"Registro tecnicamente candidato conforme legado, mas campanha ainda nao foi autorizada explicitamente."
375275,07448,ID_CAMPANHA_NAO_AUTORIZADO_PELO_PRODUCT_OWNER,GATE_HUMANO_ID_CAMPANHA,"Registro tecnicamente candidato conforme legado, mas campanha ainda nao foi autorizada explicitamente."
375276,8391,ID_CAMPANHA_NAO_AUTORIZADO_PELO_PRODUCT_OWNER,GATE_HUMANO_ID_CAMPANHA,"Registro tecnicamente candidato conforme legado, mas campanha ainda nao foi autorizada explicitamente."
375277,59566,ID_CAMPANHA_NAO_AUTORIZADO_PELO_PRODUCT_OWNER,GATE_HUMANO_ID_CAMPANHA,"Registro tecnicamente candidato conforme legado, mas campanha ainda nao foi autorizada explicitamente."
375278,11056,ID_CAMPANHA_NAO_AUTORIZADO_PELO_PRODUCT_OWNER,GATE_HUMANO_ID_CAMPANHA,"Registro tecnicamente candidato conforme legado, mas campanha ainda nao foi autorizada explicitamente."
375279,07448,ID_CAMPANHA_NAO_AUTORIZADO_PELO_PRODUCT_OWNER,GATE_HUMANO_ID_CAMPANHA,"Registro tecnicamente candidato conforme legado, mas campanha ainda nao foi autorizada explicitamente."
375284,07891,ID_CAMPANHA_NAO_AUTORIZADO_PELO_PRODUCT_OWNER,GATE_HUMANO_ID_CAMPANHA,"Registro tecnicamente candidato conforme legado, mas campanha ainda nao foi autorizada explicitamente."
375287,07546,ID_CAMPANHA_NAO_AUTORIZADO_PELO_PRODUCT_OWNER,GATE_HUMANO_ID_CAMPANHA,"Registro tecnicamente candidato conforme legado, mas campanha ainda nao foi autorizada explicitamente."
375290,07488,ID_CAMPANHA_NAO_AUTORIZADO_PELO_PRODUCT_OWNER,GATE_HUMANO_ID_CAMPANHA,"Registro tecnicamente candidato conforme legado, mas campanha ainda nao foi autorizada explicitamente."
375291,07820,ID_CAMPANHA_NAO_AUTORIZADO_PELO_PRODUCT_OWNER,GATE_HUMANO_ID_CAMPANHA,"Registro tecnicamente candidato conforme legado, mas campanha ainda nao foi autorizada explicitamente."
375305,07448,ID_CAMPANHA_NAO_AUTORIZADO_PELO_PRODUCT_OWNER,GATE_HUMANO_ID_CAMPANHA,"Registro tecnicamente candidato conforme legado, mas campanha ainda nao foi autorizada explicitamente."
375354,0024,ID_CAMPANHA_NAO_AUTORIZADO_PELO_PRODUCT_OWNER,GATE_HUMANO_ID_CAMPANHA,"Registro tecnicamente candidato conforme legado, mas campanha ainda nao foi autorizada explicitamente."
375364,07448,ID_CAMPANHA_NAO_AUTORIZADO_PELO_PRODUCT_OWNER,GATE_HUMANO_ID_CAMPANHA,"Registro tecnicamente candidato conforme legado, mas campanha ainda nao foi autorizada explicitamente."
375379,59499,ID_CAMPANHA_NAO_AUTORIZADO_PELO_PRODUCT_OWNER,GATE_HUMANO_ID_CAMPANHA,"Registro tecnicamente candidato conforme legado, mas campanha ainda nao foi autorizada explicitamente."
375389,11092,ID_CAMPANHA_NAO_AUTORIZADO_PELO_PRODUCT_OWNER,GATE_HUMANO_ID_CAMPANHA,"Registro tecnicamente candidato conforme legado, mas campanha ainda nao foi autorizada explicitamente."
375396,03328,ID_CAMPANHA_NAO_AUTORIZADO_PELO_PRODUCT_OWNER,GATE_HUMANO_ID_CAMPANHA,"Registro tecnicamente candidato conforme legado, mas campanha ainda nao foi autorizada explicitamente."
375399,0105,ID_CAMPANHA_NAO_AUTORIZADO_PELO_PRODUCT_OWNER,GATE_HUMANO_ID_CAMPANHA,"Registro tecnicamente candidato conforme legado, mas campanha ainda nao foi autorizada explicitamente."
375404,0101,ID_CAMPANHA_NAO_AUTORIZADO_PELO_PRODUCT_OWNER,GATE_HUMANO_ID_CAMPANHA,"Registro tecnicamente candidato conforme legado, mas campanha ainda nao foi autorizada explicitamente."
375470,0013,ID_CAMPANHA_NAO_AUTORIZADO_PELO_PRODUCT_OWNER,GATE_HUMANO_ID_CAMPANHA,"Registro tecnicamente candidato conforme legado, mas campanha ainda nao foi autorizada explicitamente."
375470,07448,ID_CAMPANHA_NAO_AUTORIZADO_PELO_PRODUCT_OWNER,GATE_HUMANO_ID_CAMPANHA,"Registro tecnicamente candidato conforme legado, mas campanha ainda nao foi autorizada explicitamente."
375524,0105,ID_CAMPANHA_NAO_AUTORIZADO_PELO_PRODUCT_OWNER,GATE_HUMANO_ID_CAMPANHA,"Registro tecnicamente candidato conforme legado, mas campanha ainda nao foi autorizada explicitamente."
375536,60572,ID_CAMPANHA_NAO_AUTORIZADO_PELO_PRODUCT_OWNER,GATE_HUMANO_ID_CAMPANHA,"Registro tecnicamente candidato conforme legado, mas campanha ainda nao foi autorizada explicitamente."
375541,60575,ID_CAMPANHA_NAO_AUTORIZADO_PELO_PRODUCT_OWNER,GATE_HUMANO_ID_CAMPANHA,"Registro tecnicamente candidato conforme legado, mas campanha ainda nao foi autorizada explicitamente."
375544,60578,ID_CAMPANHA_NAO_AUTORIZADO_PELO_PRODUCT_OWNER,GATE_HUMANO_ID_CAMPANHA,"Registro tecnicamente candidato conforme legado, mas campanha ainda nao foi autorizada explicitamente."
375553,07448,ID_CAMPANHA_NAO_AUTORIZADO_PELO_PRODUCT_OWNER,GATE_HUMANO_ID_CAMPANHA,"Registro tecnicamente candidato conforme legado, mas campanha ainda nao foi autorizada explicitamente."
375568,0109,ID_CAMPANHA_NAO_AUTORIZADO_PELO_PRODUCT_OWNER,GATE_HUMANO_ID_CAMPANHA,"Registro tecnicamente candidato conforme legado, mas campanha ainda nao foi autorizada explicitamente."
375676,60556,ID_CAMPANHA_NAO_AUTORIZADO_PELO_PRODUCT_OWNER,GATE_HUMANO_ID_CAMPANHA,"Registro tecnicamente candidato conforme legado, mas campanha ainda nao foi autorizada explicitamente."
375677,60556,ID_CAMPANHA_NAO_AUTORIZADO_PELO_PRODUCT_OWNER,GATE_HUMANO_ID_CAMPANHA,"Registro tecnicamente candidato conforme legado, mas campanha ainda nao foi autorizada explicitamente."
375699,59547,ID_CAMPANHA_NAO_AUTORIZADO_PELO_PRODUCT_OWNER,GATE_HUMANO_ID_CAMPANHA,"Registro tecnicamente candidato conforme legado, mas campanha ainda nao foi autorizada explicitamente."
375711,59557,ID_CAMPANHA_NAO_AUTORIZADO_PELO_PRODUCT_OWNER,GATE_HUMANO_ID_CAMPANHA,"Registro tecnicamente candidato conforme legado, mas campanha ainda nao foi autorizada explicitamente."
375712,59533,ID_CAMPANHA_NAO_AUTORIZADO_PELO_PRODUCT_OWNER,GATE_HUMANO_ID_CAMPANHA,"Registro tecnicamente candidato conforme legado, mas campanha ainda nao foi autorizada explicitamente."
375728,59534,ID_CAMPANHA_NAO_AUTORIZADO_PELO_PRODUCT_OWNER,GATE_HUMANO_ID_CAMPANHA,"Registro tecnicamente candidato conforme legado, mas campanha ainda nao foi autorizada explicitamente."
375729,59459,ID_CAMPANHA_NAO_AUTORIZADO_PELO_PRODUCT_OWNER,GATE_HUMANO_ID_CAMPANHA,"Registro tecnicamente candidato conforme legado, mas campanha ainda nao foi autorizada explicitamente."
375731,59558,ID_CAMPANHA_NAO_AUTORIZADO_PELO_PRODUCT_OWNER,GATE_HUMANO_ID_CAMPANHA,"Registro tecnicamente candidato conforme legado, mas campanha ainda nao foi autorizada explicitamente."
375736,59548,ID_CAMPANHA_NAO_AUTORIZADO_PELO_PRODUCT_OWNER,GATE_HUMANO_ID_CAMPANHA,"Registro tecnicamente candidato conforme legado, mas campanha ainda nao foi autorizada explicitamente."
375738,59476,ID_CAMPANHA_NAO_AUTORIZADO_PELO_PRODUCT_OWNER,GATE_HUMANO_ID_CAMPANHA,"Registro tecnicamente candidato conforme legado, mas campanha ainda nao foi autorizada explicitamente."
375742,59497,ID_CAMPANHA_NAO_AUTORIZADO_PELO_PRODUCT_OWNER,GATE_HUMANO_ID_CAMPANHA,"Registro tecnicamente candidato conforme legado, mas campanha ainda nao foi autorizada explicitamente."
375747,55390,ID_CAMPANHA_NAO_AUTORIZADO_PELO_PRODUCT_OWNER,GATE_HUMANO_ID_CAMPANHA,"Registro tecnicamente candidato conforme legado, mas campanha ainda nao foi autorizada explicitamente."
375749,59612,ID_CAMPANHA_NAO_AUTORIZADO_PELO_PRODUCT_OWNER,GATE_HUMANO_ID_CAMPANHA,"Registro tecnicamente candidato conforme legado, mas campanha ainda nao foi autorizada explicitamente."
375838,59599,ID_CAMPANHA_NAO_AUTORIZADO_PELO_PRODUCT_OWNER,GATE_HUMANO_ID_CAMPANHA,"Registro tecnicamente candidato conforme legado, mas campanha ainda nao foi autorizada explicitamente."
375851,0101,ID_CAMPANHA_NAO_AUTORIZADO_PELO_PRODUCT_OWNER,GATE_HUMANO_ID_CAMPANHA,"Registro tecnicamente candidato conforme legado, mas campanha ainda nao foi autorizada explicitamente."
376106,59608,ID_CAMPANHA_NAO_AUTORIZADO_PELO_PRODUCT_OWNER,GATE_HUMANO_ID_CAMPANHA,"Registro tecnicamente candidato conforme legado, mas campanha ainda nao foi autorizada explicitamente."
376128,59473,ID_CAMPANHA_NAO_AUTORIZADO_PELO_PRODUCT_OWNER,GATE_HUMANO_ID_CAMPANHA,"Registro tecnicamente candidato conforme legado, mas campanha ainda nao foi autorizada explicitamente."
376236,0013,ID_CAMPANHA_NAO_AUTORIZADO_PELO_PRODUCT_OWNER,GATE_HUMANO_ID_CAMPANHA,"Registro tecnicamente candidato conforme legado, mas campanha ainda nao foi autorizada explicitamente."
376236,07448,ID_CAMPANHA_NAO_AUTORIZADO_PELO_PRODUCT_OWNER,GATE_HUMANO_ID_CAMPANHA,"Registro tecnicamente candidato conforme legado, mas campanha ainda nao foi autorizada explicitamente."
376635,07448,ID_CAMPANHA_NAO_AUTORIZADO_PELO_PRODUCT_OWNER,GATE_HUMANO_ID_CAMPANHA,"Registro tecnicamente candidato conforme legado, mas campanha ainda nao foi autorizada explicitamente."
376637,10071,ID_CAMPANHA_NAO_AUTORIZADO_PELO_PRODUCT_OWNER,GATE_HUMANO_ID_CAMPANHA,"Registro tecnicamente candidato conforme legado, mas campanha ainda nao foi autorizada explicitamente."
378010,59559,ID_CAMPANHA_NAO_AUTORIZADO_PELO_PRODUCT_OWNER,GATE_HUMANO_ID_CAMPANHA,"Registro tecnicamente candidato conforme legado, mas campanha ainda nao foi autorizada explicitamente."
378106,0105,ID_CAMPANHA_NAO_AUTORIZADO_PELO_PRODUCT_OWNER,GATE_HUMANO_ID_CAMPANHA,"Registro tecnicamente candidato conforme legado, mas campanha ainda nao foi autorizada explicitamente."
378109,0003,ID_CAMPANHA_NAO_AUTORIZADO_PELO_PRODUCT_OWNER,GATE_HUMANO_ID_CAMPANHA,"Registro tecnicamente candidato conforme legado, mas campanha ainda nao foi autorizada explicitamente."
378112,0109,ID_CAMPANHA_NAO_AUTORIZADO_PELO_PRODUCT_OWNER,GATE_HUMANO_ID_CAMPANHA,"Registro tecnicamente candidato conforme legado, mas campanha ainda nao foi autorizada explicitamente."
378122,55452,ID_CAMPANHA_NAO_AUTORIZADO_PELO_PRODUCT_OWNER,GATE_HUMANO_ID_CAMPANHA,"Registro tecnicamente candidato conforme legado, mas campanha ainda nao foi autorizada explicitamente."
378143,59533,ID_CAMPANHA_NAO_AUTORIZADO_PELO_PRODUCT_OWNER,GATE_HUMANO_ID_CAMPANHA,"Registro tecnicamente candidato conforme legado, mas campanha ainda nao foi autorizada explicitamente."
378169,59566,ID_CAMPANHA_NAO_AUTORIZADO_PELO_PRODUCT_OWNER,GATE_HUMANO_ID_CAMPANHA,"Registro tecnicamente candidato conforme legado, mas campanha ainda nao foi autorizada explicitamente."
378170,59566,ID_CAMPANHA_NAO_AUTORIZADO_PELO_PRODUCT_OWNER,GATE_HUMANO_ID_CAMPANHA,"Registro tecnicamente candidato conforme legado, mas campanha ainda nao foi autorizada explicitamente."
378364,05024,ID_CAMPANHA_NAO_AUTORIZADO_PELO_PRODUCT_OWNER,GATE_HUMANO_ID_CAMPANHA,"Registro tecnicamente candidato conforme legado, mas campanha ainda nao foi autorizada explicitamente."
378364,07448,ID_CAMPANHA_NAO_AUTORIZADO_PELO_PRODUCT_OWNER,GATE_HUMANO_ID_CAMPANHA,"Registro tecnicamente candidato conforme legado, mas campanha ainda nao foi autorizada explicitamente."
378400,07742,ID_CAMPANHA_NAO_AUTORIZADO_PELO_PRODUCT_OWNER,GATE_HUMANO_ID_CAMPANHA,"Registro tecnicamente candidato conforme legado, mas campanha ainda nao foi autorizada explicitamente."
378401,07742,ID_CAMPANHA_NAO_AUTORIZADO_PELO_PRODUCT_OWNER,GATE_HUMANO_ID_CAMPANHA,"Registro tecnicamente candidato conforme legado, mas campanha ainda nao foi autorizada explicitamente."
378917,02542,ID_CAMPANHA_NAO_AUTORIZADO_PELO_PRODUCT_OWNER,GATE_HUMANO_ID_CAMPANHA,"Registro tecnicamente candidato conforme legado, mas campanha ainda nao foi autorizada explicitamente."
378930,2276,ID_CAMPANHA_NAO_AUTORIZADO_PELO_PRODUCT_OWNER,GATE_HUMANO_ID_CAMPANHA,"Registro tecnicamente candidato conforme legado, mas campanha ainda nao foi autorizada explicitamente."
378962,0026,ID_CAMPANHA_NAO_AUTORIZADO_PELO_PRODUCT_OWNER,GATE_HUMANO_ID_CAMPANHA,"Registro tecnicamente candidato conforme legado, mas campanha ainda nao foi autorizada explicitamente."
379024,0101,ID_CAMPANHA_NAO_AUTORIZADO_PELO_PRODUCT_OWNER,GATE_HUMANO_ID_CAMPANHA,"Registro tecnicamente candidato conforme legado, mas campanha ainda nao foi autorizada explicitamente."
379040,0101,ID_CAMPANHA_NAO_AUTORIZADO_PELO_PRODUCT_OWNER,GATE_HUMANO_ID_CAMPANHA,"Registro tecnicamente candidato conforme legado, mas campanha ainda nao foi autorizada explicitamente."
379122,59479,ID_CAMPANHA_NAO_AUTORIZADO_PELO_PRODUCT_OWNER,GATE_HUMANO_ID_CAMPANHA,"Registro tecnicamente candidato conforme legado, mas campanha ainda nao foi autorizada explicitamente."
379139,59600,ID_CAMPANHA_NAO_AUTORIZADO_PELO_PRODUCT_OWNER,GATE_HUMANO_ID_CAMPANHA,"Registro tecnicamente candidato conforme legado, mas campanha ainda nao foi autorizada explicitamente."
379160,04338,ID_CAMPANHA_NAO_AUTORIZADO_PELO_PRODUCT_OWNER,GATE_HUMANO_ID_CAMPANHA,"Registro tecnicamente candidato conforme legado, mas campanha ainda nao foi autorizada explicitamente."
379278,07448,ID_CAMPANHA_NAO_AUTORIZADO_PELO_PRODUCT_OWNER,GATE_HUMANO_ID_CAMPANHA,"Registro tecnicamente candidato conforme legado, mas campanha ainda nao foi autorizada explicitamente."
379280,59494,ID_CAMPANHA_NAO_AUTORIZADO_PELO_PRODUCT_OWNER,GATE_HUMANO_ID_CAMPANHA,"Registro tecnicamente candidato conforme legado, mas campanha ainda nao foi autorizada explicitamente."
379282,59460,ID_CAMPANHA_NAO_AUTORIZADO_PELO_PRODUCT_OWNER,GATE_HUMANO_ID_CAMPANHA,"Registro tecnicamente candidato conforme legado, mas campanha ainda nao foi autorizada explicitamente."
379318,07546,ID_CAMPANHA_NAO_AUTORIZADO_PELO_PRODUCT_OWNER,GATE_HUMANO_ID_CAMPANHA,"Registro tecnicamente candidato conforme legado, mas campanha ainda nao foi autorizada explicitamente."
379330,59489,ID_CAMPANHA_NAO_AUTORIZADO_PELO_PRODUCT_OWNER,GATE_HUMANO_ID_CAMPANHA,"Registro tecnicamente candidato conforme legado, mas campanha ainda nao foi autorizada explicitamente."
379331,07722,ID_CAMPANHA_NAO_AUTORIZADO_PELO_PRODUCT_OWNER,GATE_HUMANO_ID_CAMPANHA,"Registro tecnicamente candidato conforme legado, mas campanha ainda nao foi autorizada explicitamente."
379332,07742,ID_CAMPANHA_NAO_AUTORIZADO_PELO_PRODUCT_OWNER,GATE_HUMANO_ID_CAMPANHA,"Registro tecnicamente candidato conforme legado, mas campanha ainda nao foi autorizada explicitamente."
379335,07448,ID_CAMPANHA_NAO_AUTORIZADO_PELO_PRODUCT_OWNER,GATE_HUMANO_ID_CAMPANHA,"Registro tecnicamente candidato conforme legado, mas campanha ainda nao foi autorizada explicitamente."
379337,0206,ID_CAMPANHA_NAO_AUTORIZADO_PELO_PRODUCT_OWNER,GATE_HUMANO_ID_CAMPANHA,"Registro tecnicamente candidato conforme legado, mas campanha ainda nao foi autorizada explicitamente."
379361,0011,ID_CAMPANHA_NAO_AUTORIZADO_PELO_PRODUCT_OWNER,GATE_HUMANO_ID_CAMPANHA,"Registro tecnicamente candidato conforme legado, mas campanha ainda nao foi autorizada explicitamente."
379361,0024,ID_CAMPANHA_NAO_AUTORIZADO_PELO_PRODUCT_OWNER,GATE_HUMANO_ID_CAMPANHA,"Registro tecnicamente candidato conforme legado, mas campanha ainda nao foi autorizada explicitamente."
379362,0011,ID_CAMPANHA_NAO_AUTORIZADO_PELO_PRODUCT_OWNER,GATE_HUMANO_ID_CAMPANHA,"Registro tecnicamente candidato conforme legado, mas campanha ainda nao foi autorizada explicitamente."
379362,0024,ID_CAMPANHA_NAO_AUTORIZADO_PELO_PRODUCT_OWNER,GATE_HUMANO_ID_CAMPANHA,"Registro tecnicamente candidato conforme legado, mas campanha ainda nao foi autorizada explicitamente."
379368,59592,ID_CAMPANHA_NAO_AUTORIZADO_PELO_PRODUCT_OWNER,GATE_HUMANO_ID_CAMPANHA,"Registro tecnicamente candidato conforme legado, mas campanha ainda nao foi autorizada explicitamente."
379371,59503,ID_CAMPANHA_NAO_AUTORIZADO_PELO_PRODUCT_OWNER,GATE_HUMANO_ID_CAMPANHA,"Registro tecnicamente candidato conforme legado, mas campanha ainda nao foi autorizada explicitamente."
379435,59557,ID_CAMPANHA_NAO_AUTORIZADO_PELO_PRODUCT_OWNER,GATE_HUMANO_ID_CAMPANHA,"Registro tecnicamente candidato conforme legado, mas campanha ainda nao foi autorizada explicitamente."
379439,59474,ID_CAMPANHA_NAO_AUTORIZADO_PELO_PRODUCT_OWNER,GATE_HUMANO_ID_CAMPANHA,"Registro tecnicamente candidato conforme legado, mas campanha ainda nao foi autorizada explicitamente."
379884,59611,ID_CAMPANHA_NAO_AUTORIZADO_PELO_PRODUCT_OWNER,GATE_HUMANO_ID_CAMPANHA,"Registro tecnicamente candidato conforme legado, mas campanha ainda nao foi autorizada explicitamente."
379893,59614,ID_CAMPANHA_NAO_AUTORIZADO_PELO_PRODUCT_OWNER,GATE_HUMANO_ID_CAMPANHA,"Registro tecnicamente candidato conforme legado, mas campanha ainda nao foi autorizada explicitamente."
379918,59473,ID_CAMPANHA_NAO_AUTORIZADO_PELO_PRODUCT_OWNER,GATE_HUMANO_ID_CAMPANHA,"Registro tecnicamente candidato conforme legado, mas campanha ainda nao foi autorizada explicitamente."
379921,59555,ID_CAMPANHA_NAO_AUTORIZADO_PELO_PRODUCT_OWNER,GATE_HUMANO_ID_CAMPANHA,"Registro tecnicamente candidato conforme legado, mas campanha ainda nao foi autorizada explicitamente."
379948,59564,ID_CAMPANHA_NAO_AUTORIZADO_PELO_PRODUCT_OWNER,GATE_HUMANO_ID_CAMPANHA,"Registro tecnicamente candidato conforme legado, mas campanha ainda nao foi autorizada explicitamente."
380001,61672,ID_CAMPANHA_NAO_AUTORIZADO_PELO_PRODUCT_OWNER,GATE_HUMANO_ID_CAMPANHA,"Registro tecnicamente candidato conforme legado, mas campanha ainda nao foi autorizada explicitamente."
380002,61672,ID_CAMPANHA_NAO_AUTORIZADO_PELO_PRODUCT_OWNER,GATE_HUMANO_ID_CAMPANHA,"Registro tecnicamente candidato conforme legado, mas campanha ainda nao foi autorizada explicitamente."
380045,59612,ID_CAMPANHA_NAO_AUTORIZADO_PELO_PRODUCT_OWNER,GATE_HUMANO_ID_CAMPANHA,"Registro tecnicamente candidato conforme legado, mas campanha ainda nao foi autorizada explicitamente."
380102,07448,ID_CAMPANHA_NAO_AUTORIZADO_PELO_PRODUCT_OWNER,GATE_HUMANO_ID_CAMPANHA,"Registro tecnicamente candidato conforme legado, mas campanha ainda nao foi autorizada explicitamente."
380102,07742,ID_CAMPANHA_NAO_AUTORIZADO_PELO_PRODUCT_OWNER,GATE_HUMANO_ID_CAMPANHA,"Registro tecnicamente candidato conforme legado, mas campanha ainda nao foi autorizada explicitamente."
380117,2276,ID_CAMPANHA_NAO_AUTORIZADO_PELO_PRODUCT_OWNER,GATE_HUMANO_ID_CAMPANHA,"Registro tecnicamente candidato conforme legado, mas campanha ainda nao foi autorizada explicitamente."
385659,07448,ID_CAMPANHA_NAO_AUTORIZADO_PELO_PRODUCT_OWNER,GATE_HUMANO_ID_CAMPANHA,"Registro tecnicamente candidato conforme legado, mas campanha ainda nao foi autorizada explicitamente."
367117,,SEM_TABELA_DL,BLOCO_3,Produto nao deve ser integrado remotamente ate possuir PRODUTOS_PRECOS.CODIGO_TAB_PRECO=DL.
368626,,SEM_TABELA_DL,BLOCO_3,Produto nao deve ser integrado remotamente ate possuir PRODUTOS_PRECOS.CODIGO_TAB_PRECO=DL.
368627,,SEM_TABELA_DL,BLOCO_3,Produto nao deve ser integrado remotamente ate possuir PRODUTOS_PRECOS.CODIGO_TAB_PRECO=DL.
372012,,SEM_TABELA_DL,BLOCO_3,Produto nao deve ser integrado remotamente ate possuir PRODUTOS_PRECOS.CODIGO_TAB_PRECO=DL.
372045,,SEM_TABELA_DL,BLOCO_3,Produto nao deve ser integrado remotamente ate possuir PRODUTOS_PRECOS.CODIGO_TAB_PRECO=DL.
372295,,SEM_TABELA_DL,BLOCO_3,Produto nao deve ser integrado remotamente ate possuir PRODUTOS_PRECOS.CODIGO_TAB_PRECO=DL.
372570,,SEM_TABELA_DL,BLOCO_3,Produto nao deve ser integrado remotamente ate possuir PRODUTOS_PRECOS.CODIGO_TAB_PRECO=DL.
372572,,SEM_TABELA_DL,BLOCO_3,Produto nao deve ser integrado remotamente ate possuir PRODUTOS_PRECOS.CODIGO_TAB_PRECO=DL.
372727,,SEM_TABELA_DL,BLOCO_3,Produto nao deve ser integrado remotamente ate possuir PRODUTOS_PRECOS.CODIGO_TAB_PRECO=DL.
372734,,SEM_TABELA_DL,BLOCO_3,Produto nao deve ser integrado remotamente ate possuir PRODUTOS_PRECOS.CODIGO_TAB_PRECO=DL.
372735,,SEM_TABELA_DL,BLOCO_3,Produto nao deve ser integrado remotamente ate possuir PRODUTOS_PRECOS.CODIGO_TAB_PRECO=DL.
372736,,SEM_TABELA_DL,BLOCO_3,Produto nao deve ser integrado remotamente ate possuir PRODUTOS_PRECOS.CODIGO_TAB_PRECO=DL.
372826,,SEM_TABELA_DL,BLOCO_3,Produto nao deve ser integrado remotamente ate possuir PRODUTOS_PRECOS.CODIGO_TAB_PRECO=DL.
372921,,SEM_TABELA_DL,BLOCO_3,Produto nao deve ser integrado remotamente ate possuir PRODUTOS_PRECOS.CODIGO_TAB_PRECO=DL.
373155,,SEM_TABELA_DL,BLOCO_3,Produto nao deve ser integrado remotamente ate possuir PRODUTOS_PRECOS.CODIGO_TAB_PRECO=DL.
373360,,SEM_TABELA_DL,BLOCO_3,Produto nao deve ser integrado remotamente ate possuir PRODUTOS_PRECOS.CODIGO_TAB_PRECO=DL.
374112,,SEM_TABELA_DL,BLOCO_3,Produto nao deve ser integrado remotamente ate possuir PRODUTOS_PRECOS.CODIGO_TAB_PRECO=DL.
374451,,SEM_TABELA_DL,BLOCO_3,Produto nao deve ser integrado remotamente ate possuir PRODUTOS_PRECOS.CODIGO_TAB_PRECO=DL.
374507,,SEM_TABELA_DL,BLOCO_3,Produto nao deve ser integrado remotamente ate possuir PRODUTOS_PRECOS.CODIGO_TAB_PRECO=DL.
374823,,SEM_TABELA_DL,BLOCO_3,Produto nao deve ser integrado remotamente ate possuir PRODUTOS_PRECOS.CODIGO_TAB_PRECO=DL.
374909,,SEM_TABELA_DL,BLOCO_3,Produto nao deve ser integrado remotamente ate possuir PRODUTOS_PRECOS.CODIGO_TAB_PRECO=DL.
374911,,SEM_TABELA_DL,BLOCO_3,Produto nao deve ser integrado remotamente ate possuir PRODUTOS_PRECOS.CODIGO_TAB_PRECO=DL.
375011,,SEM_TABELA_DL,BLOCO_3,Produto nao deve ser integrado remotamente ate possuir PRODUTOS_PRECOS.CODIGO_TAB_PRECO=DL.
375211,,SEM_TABELA_DL,BLOCO_3,Produto nao deve ser integrado remotamente ate possuir PRODUTOS_PRECOS.CODIGO_TAB_PRECO=DL.
375351,,SEM_TABELA_DL,BLOCO_3,Produto nao deve ser integrado remotamente ate possuir PRODUTOS_PRECOS.CODIGO_TAB_PRECO=DL.
375361,,SEM_TABELA_DL,BLOCO_3,Produto nao deve ser integrado remotamente ate possuir PRODUTOS_PRECOS.CODIGO_TAB_PRECO=DL.
375737,,SEM_TABELA_DL,BLOCO_3,Produto nao deve ser integrado remotamente ate possuir PRODUTOS_PRECOS.CODIGO_TAB_PRECO=DL.
375850,,SEM_TABELA_DL,BLOCO_3,Produto nao deve ser integrado remotamente ate possuir PRODUTOS_PRECOS.CODIGO_TAB_PRECO=DL.
376107,,SEM_TABELA_DL,BLOCO_3,Produto nao deve ser integrado remotamente ate possuir PRODUTOS_PRECOS.CODIGO_TAB_PRECO=DL.
376133,,SEM_TABELA_DL,BLOCO_3,Produto nao deve ser integrado remotamente ate possuir PRODUTOS_PRECOS.CODIGO_TAB_PRECO=DL.
376153,,SEM_TABELA_DL,BLOCO_3,Produto nao deve ser integrado remotamente ate possuir PRODUTOS_PRECOS.CODIGO_TAB_PRECO=DL.
376241,,SEM_TABELA_DL,BLOCO_3,Produto nao deve ser integrado remotamente ate possuir PRODUTOS_PRECOS.CODIGO_TAB_PRECO=DL.
376242,,SEM_TABELA_DL,BLOCO_3,Produto nao deve ser integrado remotamente ate possuir PRODUTOS_PRECOS.CODIGO_TAB_PRECO=DL.
376579,,SEM_TABELA_DL,BLOCO_3,Produto nao deve ser integrado remotamente ate possuir PRODUTOS_PRECOS.CODIGO_TAB_PRECO=DL.
376580,,SEM_TABELA_DL,BLOCO_3,Produto nao deve ser integrado remotamente ate possuir PRODUTOS_PRECOS.CODIGO_TAB_PRECO=DL.
376629,,SEM_TABELA_DL,BLOCO_3,Produto nao deve ser integrado remotamente ate possuir PRODUTOS_PRECOS.CODIGO_TAB_PRECO=DL.
376630,,SEM_TABELA_DL,BLOCO_3,Produto nao deve ser integrado remotamente ate possuir PRODUTOS_PRECOS.CODIGO_TAB_PRECO=DL.
377306,,SEM_TABELA_DL,BLOCO_3,Produto nao deve ser integrado remotamente ate possuir PRODUTOS_PRECOS.CODIGO_TAB_PRECO=DL.
378107,,SEM_TABELA_DL,BLOCO_3,Produto nao deve ser integrado remotamente ate possuir PRODUTOS_PRECOS.CODIGO_TAB_PRECO=DL.
378154,,SEM_TABELA_DL,BLOCO_3,Produto nao deve ser integrado remotamente ate possuir PRODUTOS_PRECOS.CODIGO_TAB_PRECO=DL.
378176,,SEM_TABELA_DL,BLOCO_3,Produto nao deve ser integrado remotamente ate possuir PRODUTOS_PRECOS.CODIGO_TAB_PRECO=DL.
378927,,SEM_TABELA_DL,BLOCO_3,Produto nao deve ser integrado remotamente ate possuir PRODUTOS_PRECOS.CODIGO_TAB_PRECO=DL.
378963,,SEM_TABELA_DL,BLOCO_3,Produto nao deve ser integrado remotamente ate possuir PRODUTOS_PRECOS.CODIGO_TAB_PRECO=DL.
379274,,SEM_TABELA_DL,BLOCO_3,Produto nao deve ser integrado remotamente ate possuir PRODUTOS_PRECOS.CODIGO_TAB_PRECO=DL.
379276,,SEM_TABELA_DL,BLOCO_3,Produto nao deve ser integrado remotamente ate possuir PRODUTOS_PRECOS.CODIGO_TAB_PRECO=DL.
379277,,SEM_TABELA_DL,BLOCO_3,Produto nao deve ser integrado remotamente ate possuir PRODUTOS_PRECOS.CODIGO_TAB_PRECO=DL.
379283,,SEM_TABELA_DL,BLOCO_3,Produto nao deve ser integrado remotamente ate possuir PRODUTOS_PRECOS.CODIGO_TAB_PRECO=DL.
379339,,SEM_TABELA_DL,BLOCO_3,Produto nao deve ser integrado remotamente ate possuir PRODUTOS_PRECOS.CODIGO_TAB_PRECO=DL.
379353,,SEM_TABELA_DL,BLOCO_3,Produto nao deve ser integrado remotamente ate possuir PRODUTOS_PRECOS.CODIGO_TAB_PRECO=DL.
379363,,SEM_TABELA_DL,BLOCO_3,Produto nao deve ser integrado remotamente ate possuir PRODUTOS_PRECOS.CODIGO_TAB_PRECO=DL.
379934,,SEM_TABELA_DL,BLOCO_3,Produto nao deve ser integrado remotamente ate possuir PRODUTOS_PRECOS.CODIGO_TAB_PRECO=DL.
379990,,SEM_TABELA_DL,BLOCO_3,Produto nao deve ser integrado remotamente ate possuir PRODUTOS_PRECOS.CODIGO_TAB_PRECO=DL.
381521,,SEM_TABELA_DL,BLOCO_3,Produto nao deve ser integrado remotamente ate possuir PRODUTOS_PRECOS.CODIGO_TAB_PRECO=DL.
385657,,SEM_TABELA_DL,BLOCO_3,Produto nao deve ser integrado remotamente ate possuir PRODUTOS_PRECOS.CODIGO_TAB_PRECO=DL.
385658,,SEM_TABELA_DL,BLOCO_3,Produto nao deve ser integrado remotamente ate possuir PRODUTOS_PRECOS.CODIGO_TAB_PRECO=DL.
