PRODUTO,COR_PRODUTO,ID_CAMPANHA,STATUS_INTEGRACAO,DETALHE_INTEGRACAO
367117,07448,54,INTEGRADO_VALIDADO,Produto/cor ativo na campanha 54; carga Linx sem delta.
368537,58302,54,INTEGRADO_VALIDADO,Produto/cor ativo na campanha 54; carga Linx sem delta.
368626,0011,54,INTEGRADO_VALIDADO,Produto/cor ativo na campanha 54; carga Linx sem delta.
368627,0011,54,INTEGRADO_VALIDADO,Produto/cor ativo na campanha 54; carga Linx sem delta.
372012,59608,54,INTEGRADO_VALIDADO,Produto/cor ativo na campanha 54; carga Linx sem delta.
372045,59554,54,INTEGRADO_VALIDADO,Produto/cor ativo na campanha 54; carga Linx sem delta.
385659,07448,54,INTEGRADO_VALIDADO,Produto/cor ativo na campanha 54; carga Linx sem delta.
372295,59551,54,INTEGRADO_VALIDADO,Produto/cor ativo na campanha 54; carga Linx sem delta.
385658,07448,54,INTEGRADO_VALIDADO,Produto/cor ativo na campanha 54; carga Linx sem delta.
385657,07448,54,INTEGRADO_VALIDADO,Produto/cor ativo na campanha 54; carga Linx sem delta.
381521,07448,54,INTEGRADO_VALIDADO,Produto/cor ativo na campanha 54; carga Linx sem delta.
372570,59586,54,INTEGRADO_VALIDADO,Produto/cor ativo na campanha 54; carga Linx sem delta.
372572,59586,54,INTEGRADO_VALIDADO,Produto/cor ativo na campanha 54; carga Linx sem delta.
372727,59500,54,INTEGRADO_VALIDADO,Produto/cor ativo na campanha 54; carga Linx sem delta.
372734,59551,54,INTEGRADO_VALIDADO,Produto/cor ativo na campanha 54; carga Linx sem delta.
372735,59551,54,INTEGRADO_VALIDADO,Produto/cor ativo na campanha 54; carga Linx sem delta.
372736,59551,54,INTEGRADO_VALIDADO,Produto/cor ativo na campanha 54; carga Linx sem delta.
372826,07742,54,INTEGRADO_VALIDADO,Produto/cor ativo na campanha 54; carga Linx sem delta.
372920,07448,54,INTEGRADO_VALIDADO,Produto/cor ativo na campanha 54; carga Linx sem delta.
372921,07742,54,INTEGRADO_VALIDADO,Produto/cor ativo na campanha 54; carga Linx sem delta.
373155,59492,54,INTEGRADO_VALIDADO,Produto/cor ativo na campanha 54; carga Linx sem delta.
373312,07847,54,INTEGRADO_VALIDADO,Produto/cor ativo na campanha 54; carga Linx sem delta.
373360,59589,54,INTEGRADO_VALIDADO,Produto/cor ativo na campanha 54; carga Linx sem delta.
379990,59589,54,INTEGRADO_VALIDADO,Produto/cor ativo na campanha 54; carga Linx sem delta.
379934,59492,54,INTEGRADO_VALIDADO,Produto/cor ativo na campanha 54; carga Linx sem delta.
379363,57859,54,INTEGRADO_VALIDADO,Produto/cor ativo na campanha 54; carga Linx sem delta.
379353,07448,54,INTEGRADO_VALIDADO,Produto/cor ativo na campanha 54; carga Linx sem delta.
379339,04097,54,INTEGRADO_VALIDADO,Produto/cor ativo na campanha 54; carga Linx sem delta.
379283,59473,54,INTEGRADO_VALIDADO,Produto/cor ativo na campanha 54; carga Linx sem delta.
379282,59460,54,INTEGRADO_VALIDADO,Produto/cor ativo na campanha 54; carga Linx sem delta.
379277,5336,54,INTEGRADO_VALIDADO,Produto/cor ativo na campanha 54; carga Linx sem delta.
379277,09269,54,INTEGRADO_VALIDADO,Produto/cor ativo na campanha 54; carga Linx sem delta.
379277,07448,54,INTEGRADO_VALIDADO,Produto/cor ativo na campanha 54; carga Linx sem delta.
379276,07448,54,INTEGRADO_VALIDADO,Produto/cor ativo na campanha 54; carga Linx sem delta.
379274,05024,54,INTEGRADO_VALIDADO,Produto/cor ativo na campanha 54; carga Linx sem delta.
378963,07448,54,INTEGRADO_VALIDADO,Produto/cor ativo na campanha 54; carga Linx sem delta.
378927,07448,54,INTEGRADO_VALIDADO,Produto/cor ativo na campanha 54; carga Linx sem delta.
378176,59566,54,INTEGRADO_VALIDADO,Produto/cor ativo na campanha 54; carga Linx sem delta.
378154,59594,54,INTEGRADO_VALIDADO,Produto/cor ativo na campanha 54; carga Linx sem delta.
378107,0101,54,INTEGRADO_VALIDADO,Produto/cor ativo na campanha 54; carga Linx sem delta.
373943,07836,54,INTEGRADO_VALIDADO,Produto/cor ativo na campanha 54; carga Linx sem delta.
373943,11069,54,INTEGRADO_VALIDADO,Produto/cor ativo na campanha 54; carga Linx sem delta.
377306,07448,54,INTEGRADO_VALIDADO,Produto/cor ativo na campanha 54; carga Linx sem delta.
376630,59569,54,INTEGRADO_VALIDADO,Produto/cor ativo na campanha 54; carga Linx sem delta.
376629,59569,54,INTEGRADO_VALIDADO,Produto/cor ativo na campanha 54; carga Linx sem delta.
376580,2276,54,INTEGRADO_VALIDADO,Produto/cor ativo na campanha 54; carga Linx sem delta.
374065,59588,54,INTEGRADO_VALIDADO,Produto/cor ativo na campanha 54; carga Linx sem delta.
374112,0024,54,INTEGRADO_VALIDADO,Produto/cor ativo na campanha 54; carga Linx sem delta.
376579,2276,54,INTEGRADO_VALIDADO,Produto/cor ativo na campanha 54; carga Linx sem delta.
376242,59536,54,INTEGRADO_VALIDADO,Produto/cor ativo na campanha 54; carga Linx sem delta.
376241,59536,54,INTEGRADO_VALIDADO,Produto/cor ativo na campanha 54; carga Linx sem delta.
376153,07448,54,INTEGRADO_VALIDADO,Produto/cor ativo na campanha 54; carga Linx sem delta.
376133,59501,54,INTEGRADO_VALIDADO,Produto/cor ativo na campanha 54; carga Linx sem delta.
374451,59492,54,INTEGRADO_VALIDADO,Produto/cor ativo na campanha 54; carga Linx sem delta.
376107,59479,54,INTEGRADO_VALIDADO,Produto/cor ativo na campanha 54; carga Linx sem delta.
374507,59520,54,INTEGRADO_VALIDADO,Produto/cor ativo na campanha 54; carga Linx sem delta.
375850,59586,54,INTEGRADO_VALIDADO,Produto/cor ativo na campanha 54; carga Linx sem delta.
374823,59559,54,INTEGRADO_VALIDADO,Produto/cor ativo na campanha 54; carga Linx sem delta.
374909,59566,54,INTEGRADO_VALIDADO,Produto/cor ativo na campanha 54; carga Linx sem delta.
374911,59566,54,INTEGRADO_VALIDADO,Produto/cor ativo na campanha 54; carga Linx sem delta.
375011,59460,54,INTEGRADO_VALIDADO,Produto/cor ativo na campanha 54; carga Linx sem delta.
375737,59476,54,INTEGRADO_VALIDADO,Produto/cor ativo na campanha 54; carga Linx sem delta.
375211,07836,54,INTEGRADO_VALIDADO,Produto/cor ativo na campanha 54; carga Linx sem delta.
375351,07843,54,INTEGRADO_VALIDADO,Produto/cor ativo na campanha 54; carga Linx sem delta.
375361,0013,54,INTEGRADO_VALIDADO,Produto/cor ativo na campanha 54; carga Linx sem delta.
375361,05024,54,INTEGRADO_VALIDADO,Produto/cor ativo na campanha 54; carga Linx sem delta.
375361,07448,54,INTEGRADO_VALIDADO,Produto/cor ativo na campanha 54; carga Linx sem delta.
375361,07742,54,INTEGRADO_VALIDADO,Produto/cor ativo na campanha 54; carga Linx sem delta.
375470,0013,54,INTEGRADO_VALIDADO,Produto/cor ativo na campanha 54; carga Linx sem delta.
367234,07742,54,INTEGRADO_VALIDADO,Produto/cor ativo na campanha 54; carga Linx sem delta.
367234,07748,54,INTEGRADO_VALIDADO,Produto/cor ativo na campanha 54; carga Linx sem delta.
367846,07448,54,INTEGRADO_VALIDADO,Produto/cor ativo na campanha 54; carga Linx sem delta.
367847,07448,54,INTEGRADO_VALIDADO,Produto/cor ativo na campanha 54; carga Linx sem delta.
368530,10066,54,INTEGRADO_VALIDADO,Produto/cor ativo na campanha 54; carga Linx sem delta.
368531,10066,54,INTEGRADO_VALIDADO,Produto/cor ativo na campanha 54; carga Linx sem delta.
371830,07742,54,INTEGRADO_VALIDADO,Produto/cor ativo na campanha 54; carga Linx sem delta.
371830,09269,54,INTEGRADO_VALIDADO,Produto/cor ativo na campanha 54; carga Linx sem delta.
371832,07448,54,INTEGRADO_VALIDADO,Produto/cor ativo na campanha 54; carga Linx sem delta.
371833,0013,54,INTEGRADO_VALIDADO,Produto/cor ativo na campanha 54; carga Linx sem delta.
371833,05052,54,INTEGRADO_VALIDADO,Produto/cor ativo na campanha 54; carga Linx sem delta.
371834,04097,54,INTEGRADO_VALIDADO,Produto/cor ativo na campanha 54; carga Linx sem delta.
371834,07448,54,INTEGRADO_VALIDADO,Produto/cor ativo na campanha 54; carga Linx sem delta.
371846,07448,54,INTEGRADO_VALIDADO,Produto/cor ativo na campanha 54; carga Linx sem delta.
371848,07448,54,INTEGRADO_VALIDADO,Produto/cor ativo na campanha 54; carga Linx sem delta.
371848,07742,54,INTEGRADO_VALIDADO,Produto/cor ativo na campanha 54; carga Linx sem delta.
371850,7122,54,INTEGRADO_VALIDADO,Produto/cor ativo na campanha 54; carga Linx sem delta.
371860,0013,54,INTEGRADO_VALIDADO,Produto/cor ativo na campanha 54; carga Linx sem delta.
371863,05024,54,INTEGRADO_VALIDADO,Produto/cor ativo na campanha 54; carga Linx sem delta.
371863,07742,54,INTEGRADO_VALIDADO,Produto/cor ativo na campanha 54; carga Linx sem delta.
371868,0013,54,INTEGRADO_VALIDADO,Produto/cor ativo na campanha 54; carga Linx sem delta.
371868,05024,54,INTEGRADO_VALIDADO,Produto/cor ativo na campanha 54; carga Linx sem delta.
371868,07836,54,INTEGRADO_VALIDADO,Produto/cor ativo na campanha 54; carga Linx sem delta.
371880,0013,54,INTEGRADO_VALIDADO,Produto/cor ativo na campanha 54; carga Linx sem delta.
371880,05024,54,INTEGRADO_VALIDADO,Produto/cor ativo na campanha 54; carga Linx sem delta.
371880,07836,54,INTEGRADO_VALIDADO,Produto/cor ativo na campanha 54; carga Linx sem delta.
372004,59467,54,INTEGRADO_VALIDADO,Produto/cor ativo na campanha 54; carga Linx sem delta.
372005,59467,54,INTEGRADO_VALIDADO,Produto/cor ativo na campanha 54; carga Linx sem delta.
372006,59467,54,INTEGRADO_VALIDADO,Produto/cor ativo na campanha 54; carga Linx sem delta.
372014,61665,54,INTEGRADO_VALIDADO,Produto/cor ativo na campanha 54; carga Linx sem delta.
372015,61665,54,INTEGRADO_VALIDADO,Produto/cor ativo na campanha 54; carga Linx sem delta.
372017,59547,54,INTEGRADO_VALIDADO,Produto/cor ativo na campanha 54; carga Linx sem delta.
372018,59547,54,INTEGRADO_VALIDADO,Produto/cor ativo na campanha 54; carga Linx sem delta.
372032,59602,54,INTEGRADO_VALIDADO,Produto/cor ativo na campanha 54; carga Linx sem delta.
372033,59602,54,INTEGRADO_VALIDADO,Produto/cor ativo na campanha 54; carga Linx sem delta.
372042,59614,54,INTEGRADO_VALIDADO,Produto/cor ativo na campanha 54; carga Linx sem delta.
372046,59554,54,INTEGRADO_VALIDADO,Produto/cor ativo na campanha 54; carga Linx sem delta.
372073,59557,54,INTEGRADO_VALIDADO,Produto/cor ativo na campanha 54; carga Linx sem delta.
372087,59557,54,INTEGRADO_VALIDADO,Produto/cor ativo na campanha 54; carga Linx sem delta.
372093,59481,54,INTEGRADO_VALIDADO,Produto/cor ativo na campanha 54; carga Linx sem delta.
372094,59481,54,INTEGRADO_VALIDADO,Produto/cor ativo na campanha 54; carga Linx sem delta.
372096,59593,54,INTEGRADO_VALIDADO,Produto/cor ativo na campanha 54; carga Linx sem delta.
372097,59591,54,INTEGRADO_VALIDADO,Produto/cor ativo na campanha 54; carga Linx sem delta.
372098,59593,54,INTEGRADO_VALIDADO,Produto/cor ativo na campanha 54; carga Linx sem delta.
372099,59593,54,INTEGRADO_VALIDADO,Produto/cor ativo na campanha 54; carga Linx sem delta.
372104,59548,54,INTEGRADO_VALIDADO,Produto/cor ativo na campanha 54; carga Linx sem delta.
372249,59474,54,INTEGRADO_VALIDADO,Produto/cor ativo na campanha 54; carga Linx sem delta.
372250,59481,54,INTEGRADO_VALIDADO,Produto/cor ativo na campanha 54; carga Linx sem delta.
372251,59481,54,INTEGRADO_VALIDADO,Produto/cor ativo na campanha 54; carga Linx sem delta.
372256,59670,54,INTEGRADO_VALIDADO,Produto/cor ativo na campanha 54; carga Linx sem delta.
372279,59473,54,INTEGRADO_VALIDADO,Produto/cor ativo na campanha 54; carga Linx sem delta.
372280,59476,54,INTEGRADO_VALIDADO,Produto/cor ativo na campanha 54; carga Linx sem delta.
372287,59498,54,INTEGRADO_VALIDADO,Produto/cor ativo na campanha 54; carga Linx sem delta.
372302,59709,54,INTEGRADO_VALIDADO,Produto/cor ativo na campanha 54; carga Linx sem delta.
372307,59498,54,INTEGRADO_VALIDADO,Produto/cor ativo na campanha 54; carga Linx sem delta.
372308,59721,54,INTEGRADO_VALIDADO,Produto/cor ativo na campanha 54; carga Linx sem delta.
372309,59721,54,INTEGRADO_VALIDADO,Produto/cor ativo na campanha 54; carga Linx sem delta.
372368,59548,54,INTEGRADO_VALIDADO,Produto/cor ativo na campanha 54; carga Linx sem delta.
372370,59547,54,INTEGRADO_VALIDADO,Produto/cor ativo na campanha 54; carga Linx sem delta.
372373,59498,54,INTEGRADO_VALIDADO,Produto/cor ativo na campanha 54; carga Linx sem delta.
372374,59576,54,INTEGRADO_VALIDADO,Produto/cor ativo na campanha 54; carga Linx sem delta.
372397,59574,54,INTEGRADO_VALIDADO,Produto/cor ativo na campanha 54; carga Linx sem delta.
372429,59591,54,INTEGRADO_VALIDADO,Produto/cor ativo na campanha 54; carga Linx sem delta.
372430,59537,54,INTEGRADO_VALIDADO,Produto/cor ativo na campanha 54; carga Linx sem delta.
372431,59548,54,INTEGRADO_VALIDADO,Produto/cor ativo na campanha 54; carga Linx sem delta.
372432,59548,54,INTEGRADO_VALIDADO,Produto/cor ativo na campanha 54; carga Linx sem delta.
372433,59547,54,INTEGRADO_VALIDADO,Produto/cor ativo na campanha 54; carga Linx sem delta.
372438,59516,54,INTEGRADO_VALIDADO,Produto/cor ativo na campanha 54; carga Linx sem delta.
372439,59498,54,INTEGRADO_VALIDADO,Produto/cor ativo na campanha 54; carga Linx sem delta.
372440,59498,54,INTEGRADO_VALIDADO,Produto/cor ativo na campanha 54; carga Linx sem delta.
372441,59498,54,INTEGRADO_VALIDADO,Produto/cor ativo na campanha 54; carga Linx sem delta.
372442,59498,54,INTEGRADO_VALIDADO,Produto/cor ativo na campanha 54; carga Linx sem delta.
372446,59534,54,INTEGRADO_VALIDADO,Produto/cor ativo na campanha 54; carga Linx sem delta.
372447,59560,54,INTEGRADO_VALIDADO,Produto/cor ativo na campanha 54; carga Linx sem delta.
372451,59535,54,INTEGRADO_VALIDADO,Produto/cor ativo na campanha 54; carga Linx sem delta.
372471,59533,54,INTEGRADO_VALIDADO,Produto/cor ativo na campanha 54; carga Linx sem delta.
372472,59533,54,INTEGRADO_VALIDADO,Produto/cor ativo na campanha 54; carga Linx sem delta.
372474,59536,54,INTEGRADO_VALIDADO,Produto/cor ativo na campanha 54; carga Linx sem delta.
372475,59587,54,INTEGRADO_VALIDADO,Produto/cor ativo na campanha 54; carga Linx sem delta.
372476,59587,54,INTEGRADO_VALIDADO,Produto/cor ativo na campanha 54; carga Linx sem delta.
372477,59587,54,INTEGRADO_VALIDADO,Produto/cor ativo na campanha 54; carga Linx sem delta.
372478,59587,54,INTEGRADO_VALIDADO,Produto/cor ativo na campanha 54; carga Linx sem delta.
372479,59525,54,INTEGRADO_VALIDADO,Produto/cor ativo na campanha 54; carga Linx sem delta.
372480,59497,54,INTEGRADO_VALIDADO,Produto/cor ativo na campanha 54; carga Linx sem delta.
372481,59497,54,INTEGRADO_VALIDADO,Produto/cor ativo na campanha 54; carga Linx sem delta.
372526,59555,54,INTEGRADO_VALIDADO,Produto/cor ativo na campanha 54; carga Linx sem delta.
372527,59555,54,INTEGRADO_VALIDADO,Produto/cor ativo na campanha 54; carga Linx sem delta.
372536,59592,54,INTEGRADO_VALIDADO,Produto/cor ativo na campanha 54; carga Linx sem delta.
372537,59479,54,INTEGRADO_VALIDADO,Produto/cor ativo na campanha 54; carga Linx sem delta.
372539,59479,54,INTEGRADO_VALIDADO,Produto/cor ativo na campanha 54; carga Linx sem delta.
372540,59479,54,INTEGRADO_VALIDADO,Produto/cor ativo na campanha 54; carga Linx sem delta.
372541,59479,54,INTEGRADO_VALIDADO,Produto/cor ativo na campanha 54; carga Linx sem delta.
372557,59499,54,INTEGRADO_VALIDADO,Produto/cor ativo na campanha 54; carga Linx sem delta.
372558,59499,54,INTEGRADO_VALIDADO,Produto/cor ativo na campanha 54; carga Linx sem delta.
372666,59574,54,INTEGRADO_VALIDADO,Produto/cor ativo na campanha 54; carga Linx sem delta.
372669,59474,54,INTEGRADO_VALIDADO,Produto/cor ativo na campanha 54; carga Linx sem delta.
372697,59500,54,INTEGRADO_VALIDADO,Produto/cor ativo na campanha 54; carga Linx sem delta.
372698,59500,54,INTEGRADO_VALIDADO,Produto/cor ativo na campanha 54; carga Linx sem delta.
372699,59500,54,INTEGRADO_VALIDADO,Produto/cor ativo na campanha 54; carga Linx sem delta.
372704,59594,54,INTEGRADO_VALIDADO,Produto/cor ativo na campanha 54; carga Linx sem delta.
372706,59594,54,INTEGRADO_VALIDADO,Produto/cor ativo na campanha 54; carga Linx sem delta.
372707,59594,54,INTEGRADO_VALIDADO,Produto/cor ativo na campanha 54; carga Linx sem delta.
372714,59612,54,INTEGRADO_VALIDADO,Produto/cor ativo na campanha 54; carga Linx sem delta.
372715,59612,54,INTEGRADO_VALIDADO,Produto/cor ativo na campanha 54; carga Linx sem delta.
372716,59612,54,INTEGRADO_VALIDADO,Produto/cor ativo na campanha 54; carga Linx sem delta.
372717,59612,54,INTEGRADO_VALIDADO,Produto/cor ativo na campanha 54; carga Linx sem delta.
372718,59612,54,INTEGRADO_VALIDADO,Produto/cor ativo na campanha 54; carga Linx sem delta.
372719,59612,54,INTEGRADO_VALIDADO,Produto/cor ativo na campanha 54; carga Linx sem delta.
372752,55453,54,INTEGRADO_VALIDADO,Produto/cor ativo na campanha 54; carga Linx sem delta.
372754,55454,54,INTEGRADO_VALIDADO,Produto/cor ativo na campanha 54; carga Linx sem delta.
372755,55453,54,INTEGRADO_VALIDADO,Produto/cor ativo na campanha 54; carga Linx sem delta.
372756,55453,54,INTEGRADO_VALIDADO,Produto/cor ativo na campanha 54; carga Linx sem delta.
372831,59481,54,INTEGRADO_VALIDADO,Produto/cor ativo na campanha 54; carga Linx sem delta.
372922,07448,54,INTEGRADO_VALIDADO,Produto/cor ativo na campanha 54; carga Linx sem delta.
372923,07448,54,INTEGRADO_VALIDADO,Produto/cor ativo na campanha 54; carga Linx sem delta.
372927,07742,54,INTEGRADO_VALIDADO,Produto/cor ativo na campanha 54; carga Linx sem delta.
372928,07448,54,INTEGRADO_VALIDADO,Produto/cor ativo na campanha 54; carga Linx sem delta.
372931,07742,54,INTEGRADO_VALIDADO,Produto/cor ativo na campanha 54; carga Linx sem delta.
372932,05052,54,INTEGRADO_VALIDADO,Produto/cor ativo na campanha 54; carga Linx sem delta.
372936,07448,54,INTEGRADO_VALIDADO,Produto/cor ativo na campanha 54; carga Linx sem delta.
372938,07448,54,INTEGRADO_VALIDADO,Produto/cor ativo na campanha 54; carga Linx sem delta.
372981,59498,54,INTEGRADO_VALIDADO,Produto/cor ativo na campanha 54; carga Linx sem delta.
372988,59534,54,INTEGRADO_VALIDADO,Produto/cor ativo na campanha 54; carga Linx sem delta.
372989,59534,54,INTEGRADO_VALIDADO,Produto/cor ativo na campanha 54; carga Linx sem delta.
373022,59500,54,INTEGRADO_VALIDADO,Produto/cor ativo na campanha 54; carga Linx sem delta.
373028,59504,54,INTEGRADO_VALIDADO,Produto/cor ativo na campanha 54; carga Linx sem delta.
373053,59564,54,INTEGRADO_VALIDADO,Produto/cor ativo na campanha 54; carga Linx sem delta.
373054,60045,54,INTEGRADO_VALIDADO,Produto/cor ativo na campanha 54; carga Linx sem delta.
373056,59564,54,INTEGRADO_VALIDADO,Produto/cor ativo na campanha 54; carga Linx sem delta.
373078,59567,54,INTEGRADO_VALIDADO,Produto/cor ativo na campanha 54; carga Linx sem delta.
373079,59567,54,INTEGRADO_VALIDADO,Produto/cor ativo na campanha 54; carga Linx sem delta.
373080,59567,54,INTEGRADO_VALIDADO,Produto/cor ativo na campanha 54; carga Linx sem delta.
373081,59567,54,INTEGRADO_VALIDADO,Produto/cor ativo na campanha 54; carga Linx sem delta.
373084,59504,54,INTEGRADO_VALIDADO,Produto/cor ativo na campanha 54; carga Linx sem delta.
373085,59504,54,INTEGRADO_VALIDADO,Produto/cor ativo na campanha 54; carga Linx sem delta.
373086,59504,54,INTEGRADO_VALIDADO,Produto/cor ativo na campanha 54; carga Linx sem delta.
373087,59538,54,INTEGRADO_VALIDADO,Produto/cor ativo na campanha 54; carga Linx sem delta.
373088,59538,54,INTEGRADO_VALIDADO,Produto/cor ativo na campanha 54; carga Linx sem delta.
373090,59538,54,INTEGRADO_VALIDADO,Produto/cor ativo na campanha 54; carga Linx sem delta.
373091,59538,54,INTEGRADO_VALIDADO,Produto/cor ativo na campanha 54; carga Linx sem delta.
373092,59599,54,INTEGRADO_VALIDADO,Produto/cor ativo na campanha 54; carga Linx sem delta.
373093,59599,54,INTEGRADO_VALIDADO,Produto/cor ativo na campanha 54; carga Linx sem delta.
373094,59599,54,INTEGRADO_VALIDADO,Produto/cor ativo na campanha 54; carga Linx sem delta.
373096,59599,54,INTEGRADO_VALIDADO,Produto/cor ativo na campanha 54; carga Linx sem delta.
373098,59600,54,INTEGRADO_VALIDADO,Produto/cor ativo na campanha 54; carga Linx sem delta.
373099,59600,54,INTEGRADO_VALIDADO,Produto/cor ativo na campanha 54; carga Linx sem delta.
373108,59463,54,INTEGRADO_VALIDADO,Produto/cor ativo na campanha 54; carga Linx sem delta.
373109,59463,54,INTEGRADO_VALIDADO,Produto/cor ativo na campanha 54; carga Linx sem delta.
373110,59463,54,INTEGRADO_VALIDADO,Produto/cor ativo na campanha 54; carga Linx sem delta.
373111,59463,54,INTEGRADO_VALIDADO,Produto/cor ativo na campanha 54; carga Linx sem delta.
373113,59524,54,INTEGRADO_VALIDADO,Produto/cor ativo na campanha 54; carga Linx sem delta.
373114,59524,54,INTEGRADO_VALIDADO,Produto/cor ativo na campanha 54; carga Linx sem delta.
373116,59524,54,INTEGRADO_VALIDADO,Produto/cor ativo na campanha 54; carga Linx sem delta.
373117,59524,54,INTEGRADO_VALIDADO,Produto/cor ativo na campanha 54; carga Linx sem delta.
373142,59594,54,INTEGRADO_VALIDADO,Produto/cor ativo na campanha 54; carga Linx sem delta.
380117,2276,54,INTEGRADO_VALIDADO,Produto/cor ativo na campanha 54; carga Linx sem delta.
373170,59481,54,INTEGRADO_VALIDADO,Produto/cor ativo na campanha 54; carga Linx sem delta.
380102,07742,54,INTEGRADO_VALIDADO,Produto/cor ativo na campanha 54; carga Linx sem delta.
373184,05024,54,INTEGRADO_VALIDADO,Produto/cor ativo na campanha 54; carga Linx sem delta.
373184,07448,54,INTEGRADO_VALIDADO,Produto/cor ativo na campanha 54; carga Linx sem delta.
373199,07742,54,INTEGRADO_VALIDADO,Produto/cor ativo na campanha 54; carga Linx sem delta.
373202,05024,54,INTEGRADO_VALIDADO,Produto/cor ativo na campanha 54; carga Linx sem delta.
373203,2276,54,INTEGRADO_VALIDADO,Produto/cor ativo na campanha 54; carga Linx sem delta.
373206,0105,54,INTEGRADO_VALIDADO,Produto/cor ativo na campanha 54; carga Linx sem delta.
373207,0105,54,INTEGRADO_VALIDADO,Produto/cor ativo na campanha 54; carga Linx sem delta.
373218,2276,54,INTEGRADO_VALIDADO,Produto/cor ativo na campanha 54; carga Linx sem delta.
373236,2276,54,INTEGRADO_VALIDADO,Produto/cor ativo na campanha 54; carga Linx sem delta.
373279,02025,54,INTEGRADO_VALIDADO,Produto/cor ativo na campanha 54; carga Linx sem delta.
373279,07448,54,INTEGRADO_VALIDADO,Produto/cor ativo na campanha 54; carga Linx sem delta.
373281,05052,54,INTEGRADO_VALIDADO,Produto/cor ativo na campanha 54; carga Linx sem delta.
373281,07448,54,INTEGRADO_VALIDADO,Produto/cor ativo na campanha 54; carga Linx sem delta.
373285,59557,54,INTEGRADO_VALIDADO,Produto/cor ativo na campanha 54; carga Linx sem delta.
373286,07448,54,INTEGRADO_VALIDADO,Produto/cor ativo na campanha 54; carga Linx sem delta.
373288,07448,54,INTEGRADO_VALIDADO,Produto/cor ativo na campanha 54; carga Linx sem delta.
373291,07448,54,INTEGRADO_VALIDADO,Produto/cor ativo na campanha 54; carga Linx sem delta.
373311,07448,54,INTEGRADO_VALIDADO,Produto/cor ativo na campanha 54; carga Linx sem delta.
373311,11069,54,INTEGRADO_VALIDADO,Produto/cor ativo na campanha 54; carga Linx sem delta.
373312,07039,54,INTEGRADO_VALIDADO,Produto/cor ativo na campanha 54; carga Linx sem delta.
373312,07448,54,INTEGRADO_VALIDADO,Produto/cor ativo na campanha 54; carga Linx sem delta.
373314,07448,54,INTEGRADO_VALIDADO,Produto/cor ativo na campanha 54; carga Linx sem delta.
373315,04097,54,INTEGRADO_VALIDADO,Produto/cor ativo na campanha 54; carga Linx sem delta.
380102,07448,54,INTEGRADO_VALIDADO,Produto/cor ativo na campanha 54; carga Linx sem delta.
373404,0109,54,INTEGRADO_VALIDADO,Produto/cor ativo na campanha 54; carga Linx sem delta.
373406,0109,54,INTEGRADO_VALIDADO,Produto/cor ativo na campanha 54; carga Linx sem delta.
373407,0109,54,INTEGRADO_VALIDADO,Produto/cor ativo na campanha 54; carga Linx sem delta.
373408,0109,54,INTEGRADO_VALIDADO,Produto/cor ativo na campanha 54; carga Linx sem delta.
373409,0101,54,INTEGRADO_VALIDADO,Produto/cor ativo na campanha 54; carga Linx sem delta.
373410,0101,54,INTEGRADO_VALIDADO,Produto/cor ativo na campanha 54; carga Linx sem delta.
373420,0101,54,INTEGRADO_VALIDADO,Produto/cor ativo na campanha 54; carga Linx sem delta.
373421,0101,54,INTEGRADO_VALIDADO,Produto/cor ativo na campanha 54; carga Linx sem delta.
373423,0105,54,INTEGRADO_VALIDADO,Produto/cor ativo na campanha 54; carga Linx sem delta.
373443,0109,54,INTEGRADO_VALIDADO,Produto/cor ativo na campanha 54; carga Linx sem delta.
373445,0003,54,INTEGRADO_VALIDADO,Produto/cor ativo na campanha 54; carga Linx sem delta.
373449,0101,54,INTEGRADO_VALIDADO,Produto/cor ativo na campanha 54; carga Linx sem delta.
373450,0101,54,INTEGRADO_VALIDADO,Produto/cor ativo na campanha 54; carga Linx sem delta.
373451,0105,54,INTEGRADO_VALIDADO,Produto/cor ativo na campanha 54; carga Linx sem delta.
380045,59612,54,INTEGRADO_VALIDADO,Produto/cor ativo na campanha 54; carga Linx sem delta.
380002,61672,54,INTEGRADO_VALIDADO,Produto/cor ativo na campanha 54; carga Linx sem delta.
380001,61672,54,INTEGRADO_VALIDADO,Produto/cor ativo na campanha 54; carga Linx sem delta.
379948,59564,54,INTEGRADO_VALIDADO,Produto/cor ativo na campanha 54; carga Linx sem delta.
379921,59555,54,INTEGRADO_VALIDADO,Produto/cor ativo na campanha 54; carga Linx sem delta.
379918,59473,54,INTEGRADO_VALIDADO,Produto/cor ativo na campanha 54; carga Linx sem delta.
379893,59614,54,INTEGRADO_VALIDADO,Produto/cor ativo na campanha 54; carga Linx sem delta.
379884,59611,54,INTEGRADO_VALIDADO,Produto/cor ativo na campanha 54; carga Linx sem delta.
379439,59474,54,INTEGRADO_VALIDADO,Produto/cor ativo na campanha 54; carga Linx sem delta.
379435,59557,54,INTEGRADO_VALIDADO,Produto/cor ativo na campanha 54; carga Linx sem delta.
379371,59503,54,INTEGRADO_VALIDADO,Produto/cor ativo na campanha 54; carga Linx sem delta.
379368,59592,54,INTEGRADO_VALIDADO,Produto/cor ativo na campanha 54; carga Linx sem delta.
379362,0024,54,INTEGRADO_VALIDADO,Produto/cor ativo na campanha 54; carga Linx sem delta.
379362,0011,54,INTEGRADO_VALIDADO,Produto/cor ativo na campanha 54; carga Linx sem delta.
379361,0024,54,INTEGRADO_VALIDADO,Produto/cor ativo na campanha 54; carga Linx sem delta.
379361,0011,54,INTEGRADO_VALIDADO,Produto/cor ativo na campanha 54; carga Linx sem delta.
379337,0206,54,INTEGRADO_VALIDADO,Produto/cor ativo na campanha 54; carga Linx sem delta.
379335,07448,54,INTEGRADO_VALIDADO,Produto/cor ativo na campanha 54; carga Linx sem delta.
379332,07742,54,INTEGRADO_VALIDADO,Produto/cor ativo na campanha 54; carga Linx sem delta.
379331,07722,54,INTEGRADO_VALIDADO,Produto/cor ativo na campanha 54; carga Linx sem delta.
379330,59489,54,INTEGRADO_VALIDADO,Produto/cor ativo na campanha 54; carga Linx sem delta.
379318,07546,54,INTEGRADO_VALIDADO,Produto/cor ativo na campanha 54; carga Linx sem delta.
379280,59494,54,INTEGRADO_VALIDADO,Produto/cor ativo na campanha 54; carga Linx sem delta.
379278,07448,54,INTEGRADO_VALIDADO,Produto/cor ativo na campanha 54; carga Linx sem delta.
379160,04338,54,INTEGRADO_VALIDADO,Produto/cor ativo na campanha 54; carga Linx sem delta.
379139,59600,54,INTEGRADO_VALIDADO,Produto/cor ativo na campanha 54; carga Linx sem delta.
379122,59479,54,INTEGRADO_VALIDADO,Produto/cor ativo na campanha 54; carga Linx sem delta.
379040,0101,54,INTEGRADO_VALIDADO,Produto/cor ativo na campanha 54; carga Linx sem delta.
379024,0101,54,INTEGRADO_VALIDADO,Produto/cor ativo na campanha 54; carga Linx sem delta.
378962,0026,54,INTEGRADO_VALIDADO,Produto/cor ativo na campanha 54; carga Linx sem delta.
378930,2276,54,INTEGRADO_VALIDADO,Produto/cor ativo na campanha 54; carga Linx sem delta.
378917,02542,54,INTEGRADO_VALIDADO,Produto/cor ativo na campanha 54; carga Linx sem delta.
378401,07742,54,INTEGRADO_VALIDADO,Produto/cor ativo na campanha 54; carga Linx sem delta.
378400,07742,54,INTEGRADO_VALIDADO,Produto/cor ativo na campanha 54; carga Linx sem delta.
378364,07448,54,INTEGRADO_VALIDADO,Produto/cor ativo na campanha 54; carga Linx sem delta.
378364,05024,54,INTEGRADO_VALIDADO,Produto/cor ativo na campanha 54; carga Linx sem delta.
378170,59566,54,INTEGRADO_VALIDADO,Produto/cor ativo na campanha 54; carga Linx sem delta.
378169,59566,54,INTEGRADO_VALIDADO,Produto/cor ativo na campanha 54; carga Linx sem delta.
378143,59533,54,INTEGRADO_VALIDADO,Produto/cor ativo na campanha 54; carga Linx sem delta.
378122,55452,54,INTEGRADO_VALIDADO,Produto/cor ativo na campanha 54; carga Linx sem delta.
378112,0109,54,INTEGRADO_VALIDADO,Produto/cor ativo na campanha 54; carga Linx sem delta.
378109,0003,54,INTEGRADO_VALIDADO,Produto/cor ativo na campanha 54; carga Linx sem delta.
378106,0105,54,INTEGRADO_VALIDADO,Produto/cor ativo na campanha 54; carga Linx sem delta.
378010,59559,54,INTEGRADO_VALIDADO,Produto/cor ativo na campanha 54; carga Linx sem delta.
373839,59503,54,INTEGRADO_VALIDADO,Produto/cor ativo na campanha 54; carga Linx sem delta.
373840,59503,54,INTEGRADO_VALIDADO,Produto/cor ativo na campanha 54; carga Linx sem delta.
373841,59503,54,INTEGRADO_VALIDADO,Produto/cor ativo na campanha 54; carga Linx sem delta.
373852,05052,54,INTEGRADO_VALIDADO,Produto/cor ativo na campanha 54; carga Linx sem delta.
373857,0105,54,INTEGRADO_VALIDADO,Produto/cor ativo na campanha 54; carga Linx sem delta.
373942,0013,54,INTEGRADO_VALIDADO,Produto/cor ativo na campanha 54; carga Linx sem delta.
373943,5336,54,INTEGRADO_VALIDADO,Produto/cor ativo na campanha 54; carga Linx sem delta.
373944,2276,54,INTEGRADO_VALIDADO,Produto/cor ativo na campanha 54; carga Linx sem delta.
373968,0013,54,INTEGRADO_VALIDADO,Produto/cor ativo na campanha 54; carga Linx sem delta.
373973,0013,54,INTEGRADO_VALIDADO,Produto/cor ativo na campanha 54; carga Linx sem delta.
373982,59881,54,INTEGRADO_VALIDADO,Produto/cor ativo na campanha 54; carga Linx sem delta.
374039,07448,54,INTEGRADO_VALIDADO,Produto/cor ativo na campanha 54; carga Linx sem delta.
376637,10071,54,INTEGRADO_VALIDADO,Produto/cor ativo na campanha 54; carga Linx sem delta.
376635,07448,54,INTEGRADO_VALIDADO,Produto/cor ativo na campanha 54; carga Linx sem delta.
374064,59588,54,INTEGRADO_VALIDADO,Produto/cor ativo na campanha 54; carga Linx sem delta.
374066,59588,54,INTEGRADO_VALIDADO,Produto/cor ativo na campanha 54; carga Linx sem delta.
374088,07448,54,INTEGRADO_VALIDADO,Produto/cor ativo na campanha 54; carga Linx sem delta.
374090,2276,54,INTEGRADO_VALIDADO,Produto/cor ativo na campanha 54; carga Linx sem delta.
374093,0026,54,INTEGRADO_VALIDADO,Produto/cor ativo na campanha 54; carga Linx sem delta.
374096,0024,54,INTEGRADO_VALIDADO,Produto/cor ativo na campanha 54; carga Linx sem delta.
374105,0024,54,INTEGRADO_VALIDADO,Produto/cor ativo na campanha 54; carga Linx sem delta.
374157,07448,54,INTEGRADO_VALIDADO,Produto/cor ativo na campanha 54; carga Linx sem delta.
374159,07448,54,INTEGRADO_VALIDADO,Produto/cor ativo na campanha 54; carga Linx sem delta.
374191,59537,54,INTEGRADO_VALIDADO,Produto/cor ativo na campanha 54; carga Linx sem delta.
376236,07448,54,INTEGRADO_VALIDADO,Produto/cor ativo na campanha 54; carga Linx sem delta.
374202,59459,54,INTEGRADO_VALIDADO,Produto/cor ativo na campanha 54; carga Linx sem delta.
374208,59535,54,INTEGRADO_VALIDADO,Produto/cor ativo na campanha 54; carga Linx sem delta.
376236,0013,54,INTEGRADO_VALIDADO,Produto/cor ativo na campanha 54; carga Linx sem delta.
374214,59556,54,INTEGRADO_VALIDADO,Produto/cor ativo na campanha 54; carga Linx sem delta.
374215,0101,54,INTEGRADO_VALIDADO,Produto/cor ativo na campanha 54; carga Linx sem delta.
374231,0013,54,INTEGRADO_VALIDADO,Produto/cor ativo na campanha 54; carga Linx sem delta.
374233,51293,54,INTEGRADO_VALIDADO,Produto/cor ativo na campanha 54; carga Linx sem delta.
376128,59473,54,INTEGRADO_VALIDADO,Produto/cor ativo na campanha 54; carga Linx sem delta.
374469,59556,54,INTEGRADO_VALIDADO,Produto/cor ativo na campanha 54; carga Linx sem delta.
374471,59556,54,INTEGRADO_VALIDADO,Produto/cor ativo na campanha 54; carga Linx sem delta.
376106,59608,54,INTEGRADO_VALIDADO,Produto/cor ativo na campanha 54; carga Linx sem delta.
374497,59473,54,INTEGRADO_VALIDADO,Produto/cor ativo na campanha 54; carga Linx sem delta.
374498,59473,54,INTEGRADO_VALIDADO,Produto/cor ativo na campanha 54; carga Linx sem delta.
374499,59473,54,INTEGRADO_VALIDADO,Produto/cor ativo na campanha 54; carga Linx sem delta.
374502,59522,54,INTEGRADO_VALIDADO,Produto/cor ativo na campanha 54; carga Linx sem delta.
374504,59520,54,INTEGRADO_VALIDADO,Produto/cor ativo na campanha 54; carga Linx sem delta.
374535,59612,54,INTEGRADO_VALIDADO,Produto/cor ativo na campanha 54; carga Linx sem delta.
374536,59489,54,INTEGRADO_VALIDADO,Produto/cor ativo na campanha 54; carga Linx sem delta.
374537,59489,54,INTEGRADO_VALIDADO,Produto/cor ativo na campanha 54; carga Linx sem delta.
375851,0101,54,INTEGRADO_VALIDADO,Produto/cor ativo na campanha 54; carga Linx sem delta.
374720,59570,54,INTEGRADO_VALIDADO,Produto/cor ativo na campanha 54; carga Linx sem delta.
374758,59535,54,INTEGRADO_VALIDADO,Produto/cor ativo na campanha 54; carga Linx sem delta.
374759,59611,54,INTEGRADO_VALIDADO,Produto/cor ativo na campanha 54; carga Linx sem delta.
374830,61697,54,INTEGRADO_VALIDADO,Produto/cor ativo na campanha 54; carga Linx sem delta.
374833,61697,54,INTEGRADO_VALIDADO,Produto/cor ativo na campanha 54; carga Linx sem delta.
375838,59599,54,INTEGRADO_VALIDADO,Produto/cor ativo na campanha 54; carga Linx sem delta.
374850,59526,54,INTEGRADO_VALIDADO,Produto/cor ativo na campanha 54; carga Linx sem delta.
374864,59521,54,INTEGRADO_VALIDADO,Produto/cor ativo na campanha 54; carga Linx sem delta.
374908,59574,54,INTEGRADO_VALIDADO,Produto/cor ativo na campanha 54; carga Linx sem delta.
374910,59566,54,INTEGRADO_VALIDADO,Produto/cor ativo na campanha 54; carga Linx sem delta.
374918,59526,54,INTEGRADO_VALIDADO,Produto/cor ativo na campanha 54; carga Linx sem delta.
374919,59526,54,INTEGRADO_VALIDADO,Produto/cor ativo na campanha 54; carga Linx sem delta.
374931,59536,54,INTEGRADO_VALIDADO,Produto/cor ativo na campanha 54; carga Linx sem delta.
374934,59536,54,INTEGRADO_VALIDADO,Produto/cor ativo na campanha 54; carga Linx sem delta.
374952,59489,54,INTEGRADO_VALIDADO,Produto/cor ativo na campanha 54; carga Linx sem delta.
374955,59559,54,INTEGRADO_VALIDADO,Produto/cor ativo na campanha 54; carga Linx sem delta.
374956,59559,54,INTEGRADO_VALIDADO,Produto/cor ativo na campanha 54; carga Linx sem delta.
374959,59559,54,INTEGRADO_VALIDADO,Produto/cor ativo na campanha 54; carga Linx sem delta.
374960,59559,54,INTEGRADO_VALIDADO,Produto/cor ativo na campanha 54; carga Linx sem delta.
374965,59552,54,INTEGRADO_VALIDADO,Produto/cor ativo na campanha 54; carga Linx sem delta.
374975,59501,54,INTEGRADO_VALIDADO,Produto/cor ativo na campanha 54; carga Linx sem delta.
375749,59612,54,INTEGRADO_VALIDADO,Produto/cor ativo na campanha 54; carga Linx sem delta.
374977,59555,54,INTEGRADO_VALIDADO,Produto/cor ativo na campanha 54; carga Linx sem delta.
374978,59501,54,INTEGRADO_VALIDADO,Produto/cor ativo na campanha 54; carga Linx sem delta.
374979,59501,54,INTEGRADO_VALIDADO,Produto/cor ativo na campanha 54; carga Linx sem delta.
374995,0003,54,INTEGRADO_VALIDADO,Produto/cor ativo na campanha 54; carga Linx sem delta.
374997,59497,54,INTEGRADO_VALIDADO,Produto/cor ativo na campanha 54; carga Linx sem delta.
374999,55390,54,INTEGRADO_VALIDADO,Produto/cor ativo na campanha 54; carga Linx sem delta.
375000,55390,54,INTEGRADO_VALIDADO,Produto/cor ativo na campanha 54; carga Linx sem delta.
375001,55390,54,INTEGRADO_VALIDADO,Produto/cor ativo na campanha 54; carga Linx sem delta.
375006,59476,54,INTEGRADO_VALIDADO,Produto/cor ativo na campanha 54; carga Linx sem delta.
375008,59459,54,INTEGRADO_VALIDADO,Produto/cor ativo na campanha 54; carga Linx sem delta.
375010,59460,54,INTEGRADO_VALIDADO,Produto/cor ativo na campanha 54; carga Linx sem delta.
375012,59459,54,INTEGRADO_VALIDADO,Produto/cor ativo na campanha 54; carga Linx sem delta.
375747,55390,54,INTEGRADO_VALIDADO,Produto/cor ativo na campanha 54; carga Linx sem delta.
375048,59560,54,INTEGRADO_VALIDADO,Produto/cor ativo na campanha 54; carga Linx sem delta.
375049,59576,54,INTEGRADO_VALIDADO,Produto/cor ativo na campanha 54; carga Linx sem delta.
375050,59576,54,INTEGRADO_VALIDADO,Produto/cor ativo na campanha 54; carga Linx sem delta.
375052,59576,54,INTEGRADO_VALIDADO,Produto/cor ativo na campanha 54; carga Linx sem delta.
375053,0109,54,INTEGRADO_VALIDADO,Produto/cor ativo na campanha 54; carga Linx sem delta.
375742,59497,54,INTEGRADO_VALIDADO,Produto/cor ativo na campanha 54; carga Linx sem delta.
375075,0024,54,INTEGRADO_VALIDADO,Produto/cor ativo na campanha 54; carga Linx sem delta.
375738,59476,54,INTEGRADO_VALIDADO,Produto/cor ativo na campanha 54; carga Linx sem delta.
375736,59548,54,INTEGRADO_VALIDADO,Produto/cor ativo na campanha 54; carga Linx sem delta.
375731,59558,54,INTEGRADO_VALIDADO,Produto/cor ativo na campanha 54; carga Linx sem delta.
375729,59459,54,INTEGRADO_VALIDADO,Produto/cor ativo na campanha 54; carga Linx sem delta.
375728,59534,54,INTEGRADO_VALIDADO,Produto/cor ativo na campanha 54; carga Linx sem delta.
375712,59533,54,INTEGRADO_VALIDADO,Produto/cor ativo na campanha 54; carga Linx sem delta.
375711,59557,54,INTEGRADO_VALIDADO,Produto/cor ativo na campanha 54; carga Linx sem delta.
375699,59547,54,INTEGRADO_VALIDADO,Produto/cor ativo na campanha 54; carga Linx sem delta.
375677,60556,54,INTEGRADO_VALIDADO,Produto/cor ativo na campanha 54; carga Linx sem delta.
375676,60556,54,INTEGRADO_VALIDADO,Produto/cor ativo na campanha 54; carga Linx sem delta.
375213,59500,54,INTEGRADO_VALIDADO,Produto/cor ativo na campanha 54; carga Linx sem delta.
375214,07852,54,INTEGRADO_VALIDADO,Produto/cor ativo na campanha 54; carga Linx sem delta.
375217,07546,54,INTEGRADO_VALIDADO,Produto/cor ativo na campanha 54; carga Linx sem delta.
375224,59489,54,INTEGRADO_VALIDADO,Produto/cor ativo na campanha 54; carga Linx sem delta.
375227,07448,54,INTEGRADO_VALIDADO,Produto/cor ativo na campanha 54; carga Linx sem delta.
375233,7122,54,INTEGRADO_VALIDADO,Produto/cor ativo na campanha 54; carga Linx sem delta.
375237,05052,54,INTEGRADO_VALIDADO,Produto/cor ativo na campanha 54; carga Linx sem delta.
375242,07488,54,INTEGRADO_VALIDADO,Produto/cor ativo na campanha 54; carga Linx sem delta.
375244,07836,54,INTEGRADO_VALIDADO,Produto/cor ativo na campanha 54; carga Linx sem delta.
375247,07448,54,INTEGRADO_VALIDADO,Produto/cor ativo na campanha 54; carga Linx sem delta.
375248,07448,54,INTEGRADO_VALIDADO,Produto/cor ativo na campanha 54; carga Linx sem delta.
375253,07448,54,INTEGRADO_VALIDADO,Produto/cor ativo na campanha 54; carga Linx sem delta.
375254,1566,54,INTEGRADO_VALIDADO,Produto/cor ativo na campanha 54; carga Linx sem delta.
375257,07039,54,INTEGRADO_VALIDADO,Produto/cor ativo na campanha 54; carga Linx sem delta.
375260,07039,54,INTEGRADO_VALIDADO,Produto/cor ativo na campanha 54; carga Linx sem delta.
375273,07722,54,INTEGRADO_VALIDADO,Produto/cor ativo na campanha 54; carga Linx sem delta.
375275,07448,54,INTEGRADO_VALIDADO,Produto/cor ativo na campanha 54; carga Linx sem delta.
375276,8391,54,INTEGRADO_VALIDADO,Produto/cor ativo na campanha 54; carga Linx sem delta.
375277,59566,54,INTEGRADO_VALIDADO,Produto/cor ativo na campanha 54; carga Linx sem delta.
375278,11056,54,INTEGRADO_VALIDADO,Produto/cor ativo na campanha 54; carga Linx sem delta.
375279,07448,54,INTEGRADO_VALIDADO,Produto/cor ativo na campanha 54; carga Linx sem delta.
375284,07891,54,INTEGRADO_VALIDADO,Produto/cor ativo na campanha 54; carga Linx sem delta.
375287,07546,54,INTEGRADO_VALIDADO,Produto/cor ativo na campanha 54; carga Linx sem delta.
375290,07488,54,INTEGRADO_VALIDADO,Produto/cor ativo na campanha 54; carga Linx sem delta.
375291,07820,54,INTEGRADO_VALIDADO,Produto/cor ativo na campanha 54; carga Linx sem delta.
375305,07448,54,INTEGRADO_VALIDADO,Produto/cor ativo na campanha 54; carga Linx sem delta.
375568,0109,54,INTEGRADO_VALIDADO,Produto/cor ativo na campanha 54; carga Linx sem delta.
375553,07448,54,INTEGRADO_VALIDADO,Produto/cor ativo na campanha 54; carga Linx sem delta.
375354,0024,54,INTEGRADO_VALIDADO,Produto/cor ativo na campanha 54; carga Linx sem delta.
375364,07448,54,INTEGRADO_VALIDADO,Produto/cor ativo na campanha 54; carga Linx sem delta.
375544,60578,54,INTEGRADO_VALIDADO,Produto/cor ativo na campanha 54; carga Linx sem delta.
375379,59499,54,INTEGRADO_VALIDADO,Produto/cor ativo na campanha 54; carga Linx sem delta.
375541,60575,54,INTEGRADO_VALIDADO,Produto/cor ativo na campanha 54; carga Linx sem delta.
375536,60572,54,INTEGRADO_VALIDADO,Produto/cor ativo na campanha 54; carga Linx sem delta.
375524,0105,54,INTEGRADO_VALIDADO,Produto/cor ativo na campanha 54; carga Linx sem delta.
375389,11092,54,INTEGRADO_VALIDADO,Produto/cor ativo na campanha 54; carga Linx sem delta.
375396,03328,54,INTEGRADO_VALIDADO,Produto/cor ativo na campanha 54; carga Linx sem delta.
375399,0105,54,INTEGRADO_VALIDADO,Produto/cor ativo na campanha 54; carga Linx sem delta.
375404,0101,54,INTEGRADO_VALIDADO,Produto/cor ativo na campanha 54; carga Linx sem delta.
375470,07448,54,INTEGRADO_VALIDADO,Produto/cor ativo na campanha 54; carga Linx sem delta.
